week,category,weekly_rank,Movie Name,season_title,weekly_hours_viewed,Duration,weekly_views,cumulative_weeks_in_top_10,is_staggered_launch,episode_launch_details
2023-12-17,Films (English),1,Leave the World Behind,,106200000,2.3667,44900000.0,2,False,
2023-12-17,Films (English),2,Chicken Run: Dawn of the Nugget,,20300000,1.7,11900000.0,1,False,
2023-12-17,Films (English),3,Leo,,16800000,1.7833,9400000.0,4,False,
2023-12-17,Films (English),4,Family Switch,,16600000,1.7667,9400000.0,3,False,
2023-12-17,Films (English),5,The Super Mario Bros. Movie,,13700000,1.5333,8900000.0,3,False,
2023-12-17,Films (English),6,Underwater,,9200000,1.5833,5800000.0,1,False,
2023-12-17,Films (English),7,Old,,10000000,1.8,5600000.0,1,False,
2023-12-17,Films (English),8,Christmas as Usual,,7100000,1.4833,4800000.0,2,False,
2023-12-17,Films (English),9,Dr. Seuss' The Grinch,,5700000,1.4333,4000000.0,5,False,
2023-12-17,Films (English),10,Holiday in the Vineyards,,6900000,1.7833,3900000.0,1,False,
2023-12-10,Films (English),1,Leave the World Behind,,98700000,2.3667,41700000.0,1,False,
2023-12-10,Films (English),2,Family Switch,,32900000,1.7667,18600000.0,2,False,
2023-12-10,Films (English),3,Leo,,25400000,1.7833,14200000.0,3,False,
2023-12-10,Films (English),4,The Super Mario Bros. Movie,,20300000,1.5333,13200000.0,2,False,
2023-12-10,Films (English),5,Catering Christmas,,12500000,1.4333,8700000.0,2,False,
2023-12-10,Films (English),6,Nobody,,10600000,1.5333,6900000.0,1,False,
2023-12-10,Films (English),7,Christmas as Usual,,10000000,1.4833,6700000.0,1,False,
2023-12-10,Films (English),8,The Fast and the Furious,,11200000,1.7667,6300000.0,1,False,
2023-12-10,Films (English),9,The Fate of the Furious,,13700000,2.2667,6000000.0,1,False,
2023-12-10,Films (English),10,B&B Merry,,6300000,1.3667,4600000.0,1,False,
2023-12-03,Films (English),1,Leo,,42100000,1.7833,23600000.0,2,False,
2023-12-03,Films (English),2,Family Switch,,39200000,1.7667,22200000.0,1,False,
2023-12-03,Films (English),3,Best. Christmas. Ever!,,9600000,1.3667,7000000.0,3,False,
2023-12-03,Films (English),4,Catering Christmas,,6600000,1.4333,4600000.0,1,False,
2023-12-03,Films (English),5,Sonic the Hedgehog 2,,8200000,2.0667,4000000.0,1,False,
2023-12-03,Films (English),6,The Silencing,,5800000,1.5667,3700000.0,1,False,
2023-12-03,Films (English),7,The Killer,,7100000,2.0,3600000.0,4,False,
2023-12-03,Films (English),8,Dr. Seuss' The Grinch,,4900000,1.4333,3400000.0,4,False,
2023-12-03,Films (English),9,The Super Mario Bros. Movie,,4800000,1.5333,3100000.0,1,False,
2023-12-03,Films (English),10,The Christmas Chronicles,,5300000,1.75,3000000.0,7,False,
2023-11-26,Films (English),1,Leo,,61700000,1.7833,34600000.0,1,False,
2023-11-26,Films (English),2,Best. Christmas. Ever!,,18200000,1.3667,13300000.0,2,False,
2023-11-26,Films (English),3,The Killer,,17500000,2.0,8800000.0,3,False,
2023-11-26,Films (English),4,See You on Venus,,11300000,1.5833,7100000.0,2,False,
2023-11-26,Films (English),5,Jules,,6700000,1.45,4600000.0,1,False,
2023-11-26,Films (English),6,Triple Frontier,,7500000,2.1,3600000.0,1,False,
2023-11-26,Films (English),7,The Christmas Chronicles,,5900000,1.75,3400000.0,6,False,
2023-11-26,Films (English),8,Dr. Seuss' The Grinch,,4100000,1.4333,2900000.0,3,False,
2023-11-26,Films (English),9,Lone Survivor,,5500000,2.0167,2700000.0,2,False,
2023-11-26,Films (English),10,Falling for Christmas,,4300000,1.5833,2700000.0,7,False,
2023-11-19,Films (English),1,The Killer,,44500000,2.0,22300000.0,2,False,
2023-11-19,Films (English),2,Best. Christmas. Ever!,,22300000,1.3667,16300000.0,1,False,
2023-11-19,Films (English),3,Monster Hunter,,10500000,1.7167,6100000.0,1,False,
2023-11-19,Films (English),4,Locked In,,8200000,1.6167,5100000.0,3,False,
2023-11-19,Films (English),5,F9: The Fast Saga,,10200000,2.3833,4300000.0,4,False,
2023-11-19,Films (English),6,Lone Survivor,,8000000,2.0167,4000000.0,1,False,
2023-11-19,Films (English),7,Cold Pursuit,,5900000,1.9667,3000000.0,4,False,
2023-11-19,Films (English),8,Paw Patrol: The Movie,,3800000,1.4333,2700000.0,8,False,
2023-11-19,Films (English),9,Pain Hustlers,,5500000,2.0833,2600000.0,4,False,
2023-11-19,Films (English),10,See You on Venus,,4000000,1.5833,2500000.0,1,False,
2023-11-12,Films (English),1,The Killer,,55700000,2.0,27900000.0,1,False,
2023-11-12,Films (English),2,Locked In,,21400000,1.6167,13200000.0,2,False,
2023-11-12,Films (English),3,F9: The Fast Saga,,24900000,2.3833,10400000.0,3,False,
2023-11-12,Films (English),4,Sly,,9500000,1.6,5900000.0,2,False,
2023-11-12,Films (English),5,NYAD,,11700000,2.0167,5800000.0,2,False,
2023-11-12,Films (English),6,Pain Hustlers,,10600000,2.0833,5100000.0,3,False,
2023-11-12,Films (English),7,Spider-Man: Across the Spider-Verse,,10200000,2.3333,4400000.0,2,False,
2023-11-12,Films (English),8,Deep Fear,,6100000,1.4167,4300000.0,1,False,
2023-11-12,Films (English),9,13 Hours: The Secret Soldiers of Benghazi,,9900000,2.4,4100000.0,3,False,
2023-11-12,Films (English),10,Cold Pursuit,,6700000,1.9667,3400000.0,3,False,
2023-11-05,Films (English),1,Locked In,,28800000,1.6167,17800000.0,1,False,
2023-11-05,Films (English),2,Pain Hustlers,,31700000,2.0833,15200000.0,2,False,
2023-11-05,Films (English),3,Cold Pursuit,,17300000,1.9667,8800000.0,2,False,
2023-11-05,Films (English),4,Spider-Man: Across the Spider-Verse,,20100000,2.3333,8600000.0,1,False,
2023-11-05,Films (English),5,Old Dads,,8700000,1.7333,5000000.0,3,False,
2023-11-05,Films (English),6,NYAD,,9500000,2.0167,4700000.0,1,False,
2023-11-05,Films (English),7,Sly,,7500000,1.6,4700000.0,1,False,
2023-11-05,Films (English),8,Monster High: The Movie,,6900000,1.4833,4700000.0,2,False,
2023-11-05,Films (English),9,Minions,,6600000,1.5167,4400000.0,2,False,
2023-11-05,Films (English),10,Herself,,6700000,1.6167,4100000.0,1,False,
2023-10-29,Films (English),1,Old Dads,,28200000,1.7333,16300000.0,2,False,
2023-10-29,Films (English),2,Pain Hustlers,,29300000,2.0833,14100000.0,1,False,
2023-10-29,Films (English),3,No Hard Feelings,,22700000,1.7333,13100000.0,2,False,
2023-10-29,Films (English),4,Cold Pursuit,,13200000,1.9667,6700000.0,1,False,
2023-10-29,Films (English),5,Alvin and the Chipmunks: Chipwrecked,,5700000,1.45,3900000.0,2,False,
2023-10-29,Films (English),6,Monster High: The Movie,,5700000,1.4833,3800000.0,1,False,
2023-10-29,Films (English),7,Reptile,,7900000,2.2667,3500000.0,5,False,
2023-10-29,Films (English),8,Minions,,4500000,1.5167,3000000.0,1,False,
2023-10-29,Films (English),9,Hotel Transylvania 2,,4200000,1.5,2800000.0,4,False,
2023-10-29,Films (English),10,Alvin and the Chipmunks: The Squeakquel,,3900000,1.4833,2600000.0,1,False,
2023-10-22,Films (English),1,Old Dads,,23100000,1.7333,13300000.0,1,False,
2023-10-22,Films (English),2,The Devil on Trial,,11000000,1.3667,8000000.0,1,False,
2023-10-22,Films (English),3,Gemini Man,,14300000,1.95,7300000.0,5,False,
2023-10-22,Films (English),4,Reptile,,15800000,2.2667,7000000.0,4,False,
2023-10-22,Films (English),5,Long Shot,,8800000,2.0833,4200000.0,1,False,
2023-10-22,Films (English),6,Fair Play,,7300000,1.9167,3800000.0,3,False,
2023-10-22,Films (English),7,No Hard Feelings,,6600000,1.7333,3800000.0,1,False,
2023-10-22,Films (English),8,Tammy,,6000000,1.6,3800000.0,1,False,
2023-10-22,Films (English),9,Spy Kids,,5400000,1.4667,3700000.0,1,False,
2023-10-22,Films (English),10,Scary Movie,,5400000,1.4667,3700000.0,1,False,
2023-10-15,Films (English),1,Reptile,,32300000,2.2667,14200000.0,3,False,
2023-10-15,Films (English),2,Fair Play,,26900000,1.9167,14000000.0,2,False,
2023-10-15,Films (English),3,Gemini Man,,10300000,1.95,5300000.0,4,False,
2023-10-15,Films (English),4,American Made,,9300000,1.9167,4900000.0,1,False,
2023-10-15,Films (English),5,Mean Girls,,6300000,1.6167,3900000.0,3,False,
2023-10-15,Films (English),6,Ma,,5800000,1.65,3500000.0,1,False,
2023-10-15,Films (English),7,Casper,,5400000,1.6667,3200000.0,1,False,
2023-10-15,Films (English),8,Tyson's Run,,5400000,1.7167,3100000.0,1,False,
2023-10-15,Films (English),9,The Lost City,,5800000,1.8667,3100000.0,1,False,
2023-10-15,Films (English),10,Get Out,,5300000,1.7333,3100000.0,2,False,
2023-10-08,Films (English),1,Reptile,,45100000,2.2667,19900000.0,2,False,
2023-10-08,Films (English),2,Fair Play,,24200000,1.9167,12600000.0,1,False,
2023-10-08,Films (English),3,Love is in the Air,,10700000,1.4833,7200000.0,2,False,
2023-10-08,Films (English),4,Life of a King,,10600000,1.6833,6300000.0,1,False,
2023-10-08,Films (English),5,Infinite,,8600000,1.7667,4900000.0,1,False,
2023-10-08,Films (English),6,Mean Girls,,7300000,1.6167,4500000.0,2,False,
2023-10-08,Films (English),7,Spy Kids: Armageddon,,7100000,1.6333,4300000.0,3,False,
2023-10-08,Films (English),8,Last Vegas,,7200000,1.75,4100000.0,1,False,
2023-10-08,Films (English),9,Identity Thief,,7300000,1.85,3900000.0,1,False,
2023-10-08,Films (English),10,The Black Book,,7700000,2.0667,3700000.0,3,False,
2023-10-01,Films (English),1,Reptile,,40200000,2.2667,17700000.0,1,False,
2023-10-01,Films (English),2,Love is in the Air,,17300000,1.4833,11700000.0,1,False,
2023-10-01,Films (English),3,The Black Book,,23100000,2.0667,11200000.0,2,False,
2023-10-01,Films (English),4,Spy Kids: Armageddon,,14700000,1.6333,9000000.0,2,False,
2023-10-01,Films (English),5,The Croods: A New Age,,14100000,1.5833,8900000.0,2,False,
2023-10-01,Films (English),6,Love at First Sight,,11400000,1.5167,7500000.0,3,False,
2023-10-01,Films (English),7,Accused,,4900000,1.4667,3300000.0,1,False,
2023-10-01,Films (English),8,The Machine,,5700000,1.8667,3100000.0,1,False,
2023-10-01,Films (English),9,In Time,,5400000,1.8167,3000000.0,3,False,
2023-10-01,Films (English),10,Force of Nature,,4500000,1.65,2700000.0,1,False,
2023-09-24,Films (English),1,Love at First Sight,,23000000,1.5167,15200000.0,2,False,
2023-09-24,Films (English),2,Spy Kids: Armageddon,,11000000,1.6333,6700000.0,1,False,
2023-09-24,Films (English),3,In Time,,10400000,1.8167,5700000.0,2,False,
2023-09-24,Films (English),4,The Black Book,,11600000,2.0667,5600000.0,1,False,
2023-09-24,Films (English),5,The Croods: A New Age,,8700000,1.5833,5500000.0,1,False,
2023-09-24,Films (English),6,The Wolf of Wall Street,,9700000,3.0,3200000.0,1,False,
2023-09-24,Films (English),7,The Deep House,,4000000,1.3667,2900000.0,1,False,
2023-09-24,Films (English),8,Crawl,,4200000,1.45,2900000.0,1,False,
2023-09-24,Films (English),9,Mother's Day,,5100000,1.9667,2600000.0,2,False,
2023-09-24,Films (English),10,You Are So Not Invited to My Bat Mitzvah,,4300000,1.7333,2500000.0,5,False,
2023-09-17,Films (English),1,Love at First Sight,,21400000,1.5167,14100000.0,1,False,
2023-09-17,Films (English),2,You Are So Not Invited to My Bat Mitzvah,,7400000,1.7333,4300000.0,4,False,
2023-09-17,Films (English),3,Woody Woodpecker,,5300000,1.5167,3500000.0,2,False,
2023-09-17,Films (English),4,Dr. Seuss' The Grinch,,4900000,1.4333,3400000.0,2,False,
2023-09-17,Films (English),5,Fifty Shades Freed,,5900000,1.75,3400000.0,1,False,
2023-09-17,Films (English),6,The Croods,,5200000,1.6333,3200000.0,7,False,
2023-09-17,Films (English),7,All My Life,,4600000,1.5333,3000000.0,1,False,
2023-09-17,Films (English),8,Leatherface,,4300000,1.4667,2900000.0,1,False,
2023-09-17,Films (English),9,The Boss Baby,,4600000,1.6333,2800000.0,13,False,
2023-09-17,Films (English),10,Jack Reacher: Never Go Back,,5200000,1.9667,2600000.0,3,False,
2023-09-10,Films (English),1,You Are So Not Invited to My Bat Mitzvah,,15300000,1.7333,8800000.0,3,False,
2023-09-10,Films (English),2,Choose Love,,9000000,1.2833,7000000.0,2,False,
2023-09-10,Films (English),3,The Croods,,6800000,1.6333,4200000.0,6,False,
2023-09-10,Films (English),4,Dr. Seuss' The Grinch,,5900000,1.4333,4100000.0,1,False,
2023-09-10,Films (English),5,The Boss Baby,,6400000,1.6333,3900000.0,12,False,
2023-09-10,Films (English),6,Snitch,,6900000,1.7833,3900000.0,2,False,
2023-09-10,Films (English),7,Love Again,,6600000,1.7333,3800000.0,2,False,
2023-09-10,Films (English),8,Jack Reacher: Never Go Back,,7400000,1.9667,3800000.0,2,False,
2023-09-10,Films (English),9,Heart of Stone,,7300000,2.1,3500000.0,5,False,
2023-09-10,Films (English),10,Jack Reacher,,7500000,2.1667,3500000.0,2,False,
2023-09-03,Films (English),1,You Are So Not Invited to My Bat Mitzvah,,37900000,1.7333,21900000.0,2,False,
2023-09-03,Films (English),2,The Monkey King,,10600000,1.6167,6600000.0,3,False,
2023-09-03,Films (English),3,Heart of Stone,,13700000,2.1,6500000.0,4,False,
2023-09-03,Films (English),4,Choose Love,,8300000,1.2833,6500000.0,1,False,
2023-09-03,Films (English),5,The Boss Baby,,8500000,1.6333,5200000.0,11,False,
2023-09-03,Films (English),6,Big George Foreman: The Miraculous Story of the Once and Future Heavyweight Champion of the World,,8600000,2.15,4000000.0,1,False,
2023-09-03,Films (English),7,The Pope's Exorcist,,5400000,1.7333,3100000.0,3,False,
2023-09-03,Films (English),8,Love Again,,5100000,1.7333,2900000.0,1,False,
2023-09-03,Films (English),9,On the Line,,4800000,1.7333,2800000.0,1,False,
2023-09-03,Films (English),10,Snitch,,4100000,1.7833,2300000.0,1,False,
2023-08-27,Films (English),1,The Monkey King,,23200000,1.6167,14400000.0,2,False,
2023-08-27,Films (English),2,Heart of Stone,,28500000,2.1,13600000.0,3,False,
2023-08-27,Films (English),3,You Are So Not Invited to My Bat Mitzvah,,21300000,1.7333,12300000.0,1,False,
2023-08-27,Films (English),4,Street Kings,,10300000,1.8167,5700000.0,2,False,
2023-08-27,Films (English),5,The Boss Baby,,9000000,1.6333,5500000.0,10,False,
2023-08-27,Films (English),6,Jurassic World: Fallen Kingdom,,10100000,2.1333,4700000.0,1,False,
2023-08-27,Films (English),7,The Pope's Exorcist,,6500000,1.7333,3800000.0,2,False,
2023-08-27,Films (English),8,Half Brothers,,5900000,1.6,3700000.0,2,False,
2023-08-27,Films (English),9,Madagascar,,4800000,1.4333,3300000.0,1,False,
2023-08-27,Films (English),10,Dora and the Lost City of Gold,,4900000,1.7,2900000.0,2,False,
2023-08-20,Films (English),1,Heart of Stone,,74000000,2.1,35200000.0,2,False,
2023-08-20,Films (English),2,The Monkey King,,13100000,1.6167,8100000.0,1,False,
2023-08-20,Films (English),3,The Pope's Exorcist,,10400000,1.7333,6000000.0,1,False,
2023-08-20,Films (English),4,Half Brothers,,7300000,1.6,4600000.0,1,False,
2023-08-20,Films (English),5,Hidden Strike,,6000000,1.7167,3500000.0,4,False,
2023-08-20,Films (English),6,"Miraculous: Ladybug & Cat Noir, The Movie",,5900000,1.7,3500000.0,4,False,
2023-08-20,Films (English),7,What Men Want,,6700000,1.95,3400000.0,2,False,
2023-08-20,Films (English),8,Despicable Me 2,,5500000,1.6333,3400000.0,11,False,
2023-08-20,Films (English),9,Untold: Hall of Shame,,3900000,1.3,3000000.0,1,False,
2023-08-20,Films (English),10,Untold: Johnny Football,,3400000,1.2,2800000.0,2,False,
2023-08-13,Films (English),1,Heart of Stone,,69600000,2.1,33100000.0,1,False,
2023-08-13,Films (English),2,Hidden Strike,,13300000,1.7167,7700000.0,3,False,
2023-08-13,Films (English),3,Untold: Johnny Football,,9200000,1.2,7700000.0,1,False,
2023-08-13,Films (English),4,What Men Want,,11600000,1.95,5900000.0,1,False,
2023-08-13,Films (English),5,"Miraculous: Ladybug & Cat Noir, The Movie",,9800000,1.7,5800000.0,3,False,
2023-08-13,Films (English),6,Happiness for Beginners,,8900000,1.7667,5000000.0,3,False,
2023-08-13,Films (English),7,Despicable Me 2,,7800000,1.6333,4800000.0,10,False,
2023-08-13,Films (English),8,Shark Bait,,6200000,1.4167,4400000.0,2,False,
2023-08-13,Films (English),9,Fatale,,7100000,1.7167,4100000.0,3,False,
2023-08-13,Films (English),10,River Wild,,5900000,1.5167,3900000.0,2,False,
2023-08-06,Films (English),1,Hidden Strike,,40500000,1.7167,23600000.0,2,False,
2023-08-06,Films (English),2,Happiness for Beginners,,23100000,1.7667,13100000.0,2,False,
2023-08-06,Films (English),3,"Miraculous: Ladybug & Cat Noir, The Movie",,21200000,1.7,12500000.0,2,False,
2023-08-06,Films (English),4,Poisoned: The Dirty Truth About Your Food,,7200000,1.4,5100000.0,1,False,
2023-08-06,Films (English),5,Missing: The Lucie Blackman Case,,6900000,1.3667,5000000.0,2,False,
2023-08-06,Films (English),6,Fatale,,8500000,1.7167,5000000.0,2,False,
2023-08-06,Films (English),7,Shark Bait,,5200000,1.4167,3700000.0,1,False,
2023-08-06,Films (English),8,They Cloned Tyrone,,7500000,2.0667,3600000.0,3,False,
2023-08-06,Films (English),9,River Wild,,5200000,1.5167,3400000.0,1,False,
2023-08-06,Films (English),10,Untold: Jake Paul the Problem Child,,3900000,1.2,3300000.0,1,False,
2023-07-30,Films (English),1,Hidden Strike,,37800000,1.7167,22000000.0,1,False,
2023-07-30,Films (English),2,"Miraculous: Ladybug & Cat Noir, The Movie",,20800000,1.7,12200000.0,1,False,
2023-07-30,Films (English),3,They Cloned Tyrone,,23000000,2.0667,11100000.0,2,False,
2023-07-30,Films (English),4,Happiness for Beginners,,16500000,1.7667,9300000.0,1,False,
2023-07-30,Films (English),5,Missing: The Lucie Blackman Case,,10400000,1.3667,7600000.0,1,False,
2023-07-30,Films (English),6,The Out-Laws,,8900000,1.6167,5500000.0,4,False,
2023-07-30,Films (English),7,Unknown: Cosmic Time Machine,,5600000,1.0833,5200000.0,1,False,
2023-07-30,Films (English),8,Puss in Boots: The Last Wish,,7200000,1.7,4200000.0,3,False,
2023-07-30,Films (English),9,The Deepest Breath,,6500000,1.8333,3500000.0,2,False,
2023-07-30,Films (English),10,Extraction 2,,6000000,2.0667,2900000.0,7,False,
2023-07-23,Films (English),1,The Out-Laws,,19500000,1.6167,12100000.0,3,False,
2023-07-23,Films (English),2,Unknown: Cave of Bones,,10300000,1.5833,6500000.0,1,False,
2023-07-23,Films (English),3,They Cloned Tyrone,,13100000,2.0667,6300000.0,1,False,
2023-07-23,Films (English),4,Puss in Boots: The Last Wish,,10600000,1.7,6200000.0,2,False,
2023-07-23,Films (English),5,The Deepest Breath,,8400000,1.8333,4600000.0,1,False,
2023-07-23,Films (English),6,Ride Along,,7100000,1.65,4300000.0,1,False,
2023-07-23,Films (English),7,Man on Fire,,9400000,2.4333,3900000.0,4,False,
2023-07-23,Films (English),8,Extraction 2,,7800000,2.0667,3800000.0,6,False,
2023-07-23,Films (English),9,Nimona,,5900000,1.7167,3400000.0,4,False,
2023-07-23,Films (English),10,Captain Underpants: The First Epic Movie,,4600000,1.4833,3100000.0,1,False,
2023-07-16,Films (English),1,The Out-Laws,,46300000,1.6167,28600000.0,2,False,
2023-07-16,Films (English),2,65,,10500000,1.55,6800000.0,1,False,
2023-07-16,Films (English),3,Puss in Boots: The Last Wish,,9400000,1.7,5500000.0,1,False,
2023-07-16,Films (English),4,Extraction 2,,10800000,2.0667,5200000.0,5,False,
2023-07-16,Films (English),5,Nimona,,8000000,1.7167,4700000.0,3,False,
2023-07-16,Films (English),6,Sing,,6500000,1.8,3600000.0,9,False,
2023-07-16,Films (English),7,The Tutor,,5000000,1.55,3200000.0,1,False,
2023-07-16,Films (English),8,Paw Patrol: The Movie,,4400000,1.4333,3100000.0,7,False,
2023-07-16,Films (English),9,Mafia Mamma,,4700000,1.6833,2800000.0,1,False,
2023-07-16,Films (English),10,Unknown: Killer Robots,,3200000,1.1667,2700000.0,1,False,
2023-07-09,Films (English),1,The Out-Laws,,31700000,1.6167,19600000.0,1,False,
2023-07-09,Films (English),2,Extraction 2,,18400000,2.0667,8900000.0,4,False,
2023-07-09,Films (English),3,Nimona,,11500000,1.7167,6700000.0,2,False,
2023-07-09,Films (English),4,Run Rabbit Run,,9900000,1.6833,5900000.0,2,False,
2023-07-09,Films (English),5,Unknown: The Lost Pyramid,,7900000,1.4,5600000.0,1,False,
2023-07-09,Films (English),6,Sniper: Assassin's End,,8500000,1.5833,5400000.0,2,False,
2023-07-09,Films (English),7,Old Henry,,8100000,1.65,4900000.0,1,False,
2023-07-09,Films (English),8,WHAM!,,6800000,1.5333,4400000.0,1,False,
2023-07-09,Films (English),9,Skyscraper,,7500000,1.7,4400000.0,1,False,
2023-07-09,Films (English),10,Woody Woodpecker,,6300000,1.5167,4200000.0,1,False,
2023-07-02,Films (English),1,Extraction 2,,36200000,2.0667,17500000.0,3,False,
2023-07-02,Films (English),2,The Perfect Find,,18400000,1.6667,11000000.0,2,False,
2023-07-02,Films (English),3,Run Rabbit Run,,14200000,1.6833,8400000.0,1,False,
2023-07-02,Films (English),4,Extraction,,11800000,1.9667,6000000.0,3,False,
2023-07-02,Films (English),5,Take Care of Maya,,7900000,1.7333,4600000.0,2,False,
2023-07-02,Films (English),6,Paw Patrol: The Movie,,6400000,1.4333,4500000.0,6,False,
2023-07-02,Films (English),7,Sniper: Assassin's End,,5400000,1.5833,3400000.0,1,False,
2023-07-02,Films (English),8,Ghosts of the Abyss,,4900000,1.4667,3300000.0,1,False,
2023-07-02,Films (English),9,Nimona,,5500000,1.7167,3200000.0,1,False,
2023-07-02,Films (English),10,Roald Dahl's Matilda The Musical,,4900000,2.0333,2400000.0,6,False,
2023-06-25,Films (English),1,Extraction 2,,87300000,2.0667,42200000.0,2,False,
2023-06-25,Films (English),2,Extraction,,27200000,1.9667,13800000.0,2,False,
2023-06-25,Films (English),3,Take Care of Maya,,16000000,1.7333,9200000.0,1,False,
2023-06-25,Films (English),4,The Perfect Find,,11700000,1.6667,7000000.0,1,False,
2023-06-25,Films (English),5,Paw Patrol: The Movie,,9100000,1.4333,6300000.0,5,False,
2023-06-25,Films (English),6,The Mule,,9200000,1.7,5400000.0,1,False,
2023-06-25,Films (English),7,What Happens in Vegas,,7600000,1.65,4600000.0,2,False,
2023-06-25,Films (English),8,The Boss Baby,,4500000,1.6333,2800000.0,9,False,
2023-06-25,Films (English),9,Get Out,,4100000,1.7333,2400000.0,1,False,
2023-06-25,Films (English),10,47 Ronin,,4700000,2.0167,2300000.0,1,False,
2023-06-18,Films (English),1,Extraction 2,,88400000,2.0667,42800000.0,1,False,
2023-06-18,Films (English),2,Extraction,,18800000,1.9667,9600000.0,1,False,
2023-06-18,Films (English),3,Paw Patrol: The Movie,,9400000,1.4333,6600000.0,4,False,
2023-06-18,Films (English),4,The Boss Baby,,5800000,1.6333,3600000.0,8,False,
2023-06-18,Films (English),5,Assassin's Creed,,5400000,1.9167,2800000.0,1,False,
2023-06-18,Films (English),6,The Mother,,5400000,1.95,2800000.0,6,False,
2023-06-18,Films (English),7,The Angry Birds Movie,,4300000,1.6333,2600000.0,2,False,
2023-06-18,Films (English),8,Abduction,,4000000,1.7667,2300000.0,2,False,
2023-06-18,Films (English),9,Shooter,,4700000,2.0833,2300000.0,4,False,
2023-06-18,Films (English),10,Prisoners,,5100000,2.55,2000000.0,3,False,
2023-06-11,Films (English),1,Prisoners,,13890000,,,2,False,
2023-06-11,Films (English),2,Shooter,,12770000,,,3,False,
2023-06-11,Films (English),3,Abduction,,9570000,,,1,False,
2023-06-11,Films (English),4,The Mother,,8360000,,,5,False,
2023-06-11,Films (English),5,The Boss Baby,,8320000,,,7,False,
2023-06-11,Films (English),6,We're the Millers,,7720000,,,2,False,
2023-06-11,Films (English),7,The Angry Birds Movie,,5720000,,,1,False,
2023-06-11,Films (English),8,The Company Men,,5390000,,,1,False,
2023-06-11,Films (English),9,Grown Ups 2,,5230000,,,1,False,
2023-06-11,Films (English),10,The Choice,,4950000,,,2,False,
2023-06-04,Films (English),1,The Mother,,16480000,,,4,False,
2023-06-04,Films (English),2,The Boss Baby,,10580000,,,6,False,
2023-06-04,Films (English),3,Missing,,8080000,,,3,False,
2023-06-04,Films (English),4,2 Hearts,,7720000,,,2,False,
2023-06-04,Films (English),5,Shooter,,7480000,,,2,False,
2023-06-04,Films (English),6,We're the Millers,,6730000,,,1,False,
2023-06-04,Films (English),7,Dirty Grandpa,,5570000,,,1,False,
2023-06-04,Films (English),8,To Leslie,,5370000,,,1,False,
2023-06-04,Films (English),9,The Choice,,4260000,,,1,False,
2023-06-04,Films (English),10,F9: The Fast Saga,,4160000,,,2,False,
2023-05-28,Films (English),1,The Mother,,34690000,,,3,False,
2023-05-28,Films (English),2,2 Hearts,,19280000,,,1,False,
2023-05-28,Films (English),3,Missing,,15930000,,,2,False,
2023-05-28,Films (English),4,The Son,,7940000,,,1,False,
2023-05-28,Films (English),5,The Great Wall,,7690000,,,2,False,
2023-05-28,Films (English),6,Victim/Suspect,,6600000,,,1,False,
2023-05-28,Films (English),7,Ted,,5750000,,,2,False,
2023-05-28,Films (English),8,Anna Nicole Smith: You Don't Know Me,,5550000,,,2,False,
2023-05-28,Films (English),9,The Boss Baby,,5450000,,,5,False,
2023-05-28,Films (English),10,A Man Called Otto,,5350000,,,4,False,
2023-05-21,Films (English),1,The Mother,,94420000,,,2,False,
2023-05-21,Films (English),2,Anna Nicole Smith: You Don't Know Me,,15650000,,,1,False,
2023-05-21,Films (English),3,Ted,,11210000,,,1,False,
2023-05-21,Films (English),4,A Man Called Otto,,10640000,,,3,False,
2023-05-21,Films (English),5,Synchronic,,6990000,,,2,False,
2023-05-21,Films (English),6,Missing,,5220000,,,1,False,
2023-05-21,Films (English),7,Harry Potter and the Sorcerer's Stone,,4790000,,,1,False,
2023-05-21,Films (English),8,The Croods,,4280000,,,5,False,
2023-05-21,Films (English),9,UglyDolls,,3820000,,,1,False,
2023-05-21,Films (English),10,The Healer,,3330000,,,1,False,
2023-05-14,Films (English),1,The Mother,,83710000,,,1,False,
2023-05-14,Films (English),2,A Man Called Otto,,19880000,,,2,False,
2023-05-14,Films (English),3,The Croods,,8700000,,,4,False,
2023-05-14,Films (English),4,The Deep End of the Ocean,,6420000,,,2,False,
2023-05-14,Films (English),5,Synchronic,,5930000,,,1,False,
2023-05-14,Films (English),6,Kung Fu Panda 3,,5750000,,,3,False,
2023-05-14,Films (English),7,Wrong Place,,5580000,,,2,False,
2023-05-14,Films (English),8,The Tournament,,4880000,,,2,False,
2023-05-14,Films (English),9,Pitch Perfect,,4580000,,,2,False,
2023-05-14,Films (English),10,Heat,,4520000,,,2,False,
2023-05-07,Films (English),1,A Man Called Otto,,13480000,,,1,False,
2023-05-07,Films (English),2,Pitch Perfect,,11440000,,,1,False,
2023-05-07,Films (English),3,The Deep End of the Ocean,,10200000,,,1,False,
2023-05-07,Films (English),4,Wrong Place,,9690000,,,1,False,
2023-05-07,Films (English),5,The Dilemma,,6830000,,,1,False,
2023-05-07,Films (English),6,The Croods,,6560000,,,3,False,
2023-05-07,Films (English),7,The Tournament,,6520000,,,1,False,
2023-05-07,Films (English),8,A Tourist's Guide to Love,,6200000,,,3,False,
2023-05-07,Films (English),9,A Quiet Place Part II,,5750000,,,2,False,
2023-05-07,Films (English),10,The Father,,5070000,,,1,False,
2023-04-30,Films (English),1,A Tourist's Guide to Love,,20920000,,,2,False,
2023-04-30,Films (English),2,Whitney Houston: I Wanna Dance with Somebody,,10200000,,,2,False,
2023-04-30,Films (English),3,The Last Kingdom: Seven Kings Must Die,,8340000,,,3,False,
2023-04-30,Films (English),4,Let Him Go,,7240000,,,2,False,
2023-04-30,Films (English),5,Murder Mystery 2,,6150000,,,5,False,
2023-04-30,Films (English),6,Sing 2,,4500000,,,9,False,
2023-04-30,Films (English),7,Chupa,,4300000,,,4,False,
2023-04-30,Films (English),8,Dr. Seuss' The Lorax,,3830000,,,3,False,
2023-04-30,Films (English),9,Time Trap,,3700000,,,1,False,
2023-04-30,Films (English),10,Paw Patrol: The Movie,,3300000,,,3,False,
2023-04-23,Films (English),1,The Last Kingdom: Seven Kings Must Die,,25700000,,,2,False,
2023-04-23,Films (English),2,Let Him Go,,14110000,,,1,False,
2023-04-23,Films (English),3,A Tourist's Guide to Love,,13400000,,,1,False,
2023-04-23,Films (English),4,Murder Mystery 2,,8390000,,,4,False,
2023-04-23,Films (English),5,Chupa,,8030000,,,3,False,
2023-04-23,Films (English),6,The Snowman,,7170000,,,1,False,
2023-04-23,Films (English),7,Whitney Houston: I Wanna Dance with Somebody,,6700000,,,1,False,
2023-04-23,Films (English),8,Mighty Morphin Power Rangers: Once & Always,,6550000,,,1,False,
2023-04-23,Films (English),9,F9: The Fast Saga,,6540000,,,1,False,
2023-04-23,Films (English),10,Dr. Seuss' The Lorax,,4430000,,,2,False,
2023-04-16,Films (English),1,The Last Kingdom: Seven Kings Must Die,,35500000,,,1,False,
2023-04-16,Films (English),2,Chupa,,27290000,,,2,False,
2023-04-16,Films (English),3,Murder Mystery 2,,16930000,,,3,False,
2023-04-16,Films (English),4,Trolls World Tour,,9360000,,,1,False,
2023-04-16,Films (English),5,Noah,,8380000,,,3,False,
2023-04-16,Films (English),6,The Last Stand,,8180000,,,1,False,
2023-04-16,Films (English),7,Home,,8070000,,,2,False,
2023-04-16,Films (English),8,Matilda,,6910000,,,2,False,
2023-04-16,Films (English),9,Murder Mystery,,6690000,,,4,False,
2023-04-16,Films (English),10,Dr. Seuss' The Lorax,,5890000,,,1,False,
2023-04-09,Films (English),1,Murder Mystery 2,,59840000,,,2,False,
2023-04-09,Films (English),2,Chupa,,25310000,,,1,False,
2023-04-09,Films (English),3,Murder Mystery,,22250000,,,3,False,
2023-04-09,Films (English),4,Noah,,13500000,,,2,False,
2023-04-09,Films (English),5,Home,,10350000,,,1,False,
2023-04-09,Films (English),6,The Bourne Legacy,,9110000,,,2,False,
2023-04-09,Films (English),7,Shark Tale,,8050000,,,1,False,
2023-04-09,Films (English),8,Over the Hedge,,7940000,,,1,False,
2023-04-09,Films (English),9,Luther: The Fallen Sun,,7530000,,,5,False,
2023-04-09,Films (English),10,Matilda,,7420000,,,1,False,
2023-04-02,Films (English),1,Murder Mystery 2,,64420000,,,1,False,
2023-04-02,Films (English),2,Murder Mystery,,24690000,,,2,False,
2023-04-02,Films (English),3,Luther: The Fallen Sun,,12700000,,,4,False,
2023-04-02,Films (English),4,I See You,,8280000,,,2,False,
2023-04-02,Films (English),5,The Magician's Elephant,,6330000,,,3,False,
2023-04-02,Films (English),6,Minions: The Rise of Gru,,3540000,,,6,False,
2023-04-02,Films (English),7,Hotel Transylvania 2,,3260000,,,3,False,
2023-04-02,Films (English),8,Dragged Across Concrete,,3240000,,,3,False,
2023-04-02,Films (English),9,Trolls,,3210000,,,6,False,
2023-04-02,Films (English),10,The Bourne Legacy,,3200000,,,1,False,
2023-03-26,Films (English),1,Luther: The Fallen Sun,,24700000,,,3,False,
2023-03-26,Films (English),2,The Magician's Elephant,,16730000,,,2,False,
2023-03-26,Films (English),3,I See You,,10830000,,,1,False,
2023-03-26,Films (English),4,Dragged Across Concrete,,9310000,,,2,False,
2023-03-26,Films (English),5,Money Shot: The Pornhub Story,,5000000,,,2,False,
2023-03-26,Films (English),6,Murder Mystery,,4490000,,,1,False,
2023-03-26,Films (English),7,Perfume: The Story of a Murderer,,4450000,,,1,False,
2023-03-26,Films (English),8,Riddick,,3980000,,,1,False,
2023-03-26,Films (English),9,Minions: The Rise of Gru,,3810000,,,5,False,
2023-03-26,Films (English),10,We Have a Ghost,,3540000,,,5,False,
2023-03-19,Films (English),1,Luther: The Fallen Sun,,69540000,,,2,False,
2023-03-19,Films (English),2,Faraway,,14830000,,,2,False,
2023-03-19,Films (English),3,The Magician's Elephant,,13690000,,,1,False,
2023-03-19,Films (English),4,Money Shot: The Pornhub Story,,13670000,,,1,False,
2023-03-19,Films (English),5,Dragged Across Concrete,,9590000,,,1,False,
2023-03-19,Films (English),6,We Have a Ghost,,5960000,,,4,False,
2023-03-19,Films (English),7,The Hunger Games: Catching Fire,,5010000,,,2,False,
2023-03-19,Films (English),8,Turbo,,5000000,,,3,False,
2023-03-19,Films (English),9,The Hunger Games,,4900000,,,3,False,
2023-03-19,Films (English),10,Kick-Ass 2,,4030000,,,1,False,
2023-03-12,Films (English),1,Luther: The Fallen Sun,,65920000,,,1,False,
2023-03-12,Films (English),2,Faraway,,21810000,,,1,False,
2023-03-12,Films (English),3,We Have a Ghost,,13390000,,,3,False,
2023-03-12,Films (English),4,The Hunger Games,,8320000,,,2,False,
2023-03-12,Films (English),5,Turbo,,7980000,,,2,False,
2023-03-12,Films (English),6,The Hunger Games: Catching Fire,,7340000,,,1,False,
2023-03-12,Films (English),7,Paw Patrol: The Movie,,6530000,,,2,False,
2023-03-12,Films (English),8,This Is Where I Leave You,,6220000,,,2,False,
2023-03-12,Films (English),9,World War Z,,5560000,,,1,False,
2023-03-12,Films (English),10,Burlesque,,5540000,,,1,False,
2023-03-05,Films (English),1,We Have a Ghost,,42620000,,,2,False,
2023-03-05,Films (English),2,The Strays,,14570000,,,2,False,
2023-03-05,Films (English),3,The Condemned,,10230000,,,1,False,
2023-03-05,Films (English),4,R.I.P.D.,,8330000,,,1,False,
2023-03-05,Films (English),5,Bad Boys for Life,,8330000,,,2,False,
2023-03-05,Films (English),6,Your Place or Mine,,7500000,,,4,False,
2023-03-05,Films (English),7,This Is Where I Leave You,,6580000,,,1,False,
2023-03-05,Films (English),8,The Hunger Games,,6230000,,,1,False,
2023-03-05,Films (English),9,The Hangover: Part III,,5800000,,,1,False,
2023-03-05,Films (English),10,Paw Patrol: The Movie,,5620000,,,1,False,
2023-02-26,Films (English),1,We Have a Ghost,,40470000,,,1,False,
2023-02-26,Films (English),2,The Strays,,28780000,,,1,False,
2023-02-26,Films (English),3,Your Place or Mine,,22290000,,,3,False,
2023-02-26,Films (English),4,Army of One,,15600000,,,1,False,
2023-02-26,Films (English),5,The Woman King,,10230000,,,2,False,
2023-02-26,Films (English),6,2 Guns,,8550000,,,2,False,
2023-02-26,Films (English),7,Jurassic World,,7430000,,,2,False,
2023-02-26,Films (English),8,Mission: Impossible - Fallout,,6360000,,,2,False,
2023-02-26,Films (English),9,Minions: The Rise of Gru,,6270000,,,4,False,
2023-02-26,Films (English),10,Bad Boys for Life,,6070000,,,1,False,
2023-02-19,Films (English),1,Your Place or Mine,,53810000,,,2,False,
2023-02-19,Films (English),2,2 Guns,,12460000,,,1,False,
2023-02-19,Films (English),3,The Woman King,,12210000,,,1,False,
2023-02-19,Films (English),4,You People,,8500000,,,4,False,
2023-02-19,Films (English),5,Minions: The Rise of Gru,,7960000,,,3,False,
2023-02-19,Films (English),6,Mission: Impossible - Fallout,,5940000,,,1,False,
2023-02-19,Films (English),7,47 Meters Down: Uncaged,,5800000,,,1,False,
2023-02-19,Films (English),8,True Spirit,,5740000,,,3,False,
2023-02-19,Films (English),9,Bloodshot,,4620000,,,4,False,
2023-02-19,Films (English),10,Jurassic World,,4330000,,,1,False,
2023-02-12,Films (English),1,Your Place or Mine,,51230000,,,1,False,
2023-02-12,Films (English),2,True Spirit,,20730000,,,2,False,
2023-02-12,Films (English),3,You People,,20400000,,,3,False,
2023-02-12,Films (English),4,Bloodshot,,14380000,,,3,False,
2023-02-12,Films (English),5,Minions: The Rise of Gru,,11500000,,,2,False,
2023-02-12,Films (English),6,"Lyle, Lyle, Crocodile",,9110000,,,1,False,
2023-02-12,Films (English),7,"Pamela, a love story",,8710000,,,2,False,
2023-02-12,Films (English),8,Sniper: Ultimate Kill,,6760000,,,1,False,
2023-02-12,Films (English),9,Enough,,5400000,,,2,False,
2023-02-12,Films (English),10,Sniper: Ghost Shooter,,5390000,,,2,False,
2023-02-05,Films (English),1,You People,,65610000,,,2,False,
2023-02-05,Films (English),2,"Pamela, a love story",,24330000,,,1,False,
2023-02-05,Films (English),3,Minions: The Rise of Gru,,19360000,,,1,False,
2023-02-05,Films (English),4,Sniper: Ghost Shooter,,12490000,,,1,False,
2023-02-05,Films (English),5,True Spirit,,11090000,,,1,False,
2023-02-05,Films (English),6,The Hurricane Heist,,10120000,,,1,False,
2023-02-05,Films (English),7,Bloodshot,,8720000,,,2,False,
2023-02-05,Films (English),8,Glass Onion: A Knives Out Mystery,,6830000,,,7,False,
2023-02-05,Films (English),9,Flushed Away,,5090000,,,1,False,
2023-02-05,Films (English),10,Inheritance,,4790000,,,3,False,
2023-01-29,Films (English),1,You People,,55650000,,,1,False,
2023-01-29,Films (English),2,Inheritance,,11550000,,,2,False,
2023-01-29,Films (English),3,Glass Onion: A Knives Out Mystery,,9670000,,,6,False,
2023-01-29,Films (English),4,Puss in Boots,,6010000,,,2,False,
2023-01-29,Films (English),5,Devotion,,5910000,,,1,False,
2023-01-29,Films (English),6,Dog Gone,,5800000,,,3,False,
2023-01-29,Films (English),7,The Pale Blue Eye,,5460000,,,4,False,
2023-01-29,Films (English),8,Sing,,5320000,,,8,False,
2023-01-29,Films (English),9,Roald Dahl's Matilda The Musical,,4600000,,,5,False,
2023-01-29,Films (English),10,Trolls,,3790000,,,5,False,
2023-01-22,Films (English),1,Dog Gone,,20910000,,,2,False,
2023-01-22,Films (English),2,The Pale Blue Eye,,12690000,,,3,False,
2023-01-22,Films (English),3,Glass Onion: A Knives Out Mystery,,12040000,,,5,False,
2023-01-22,Films (English),4,The Hatchet Wielding Hitchhiker,,8230000,,,2,False,
2023-01-22,Films (English),5,Sing,,7090000,,,7,False,
2023-01-22,Films (English),6,Roald Dahl's Matilda The Musical,,6040000,,,4,False,
2023-01-22,Films (English),7,Puss in Boots,,5860000,,,1,False,
2023-01-22,Films (English),8,A Quiet Place Part II,,4760000,,,1,False,
2023-01-22,Films (English),9,Trolls,,4080000,,,4,False,
2023-01-22,Films (English),10,Disconnect: The Wedding Planner,,3790000,,,1,False,
2023-01-15,Films (English),1,The Pale Blue Eye,,39860000,,,2,False,
2023-01-15,Films (English),2,The Hatchet Wielding Hitchhiker,,21270000,,,1,False,
2023-01-15,Films (English),3,Glass Onion: A Knives Out Mystery,,19480000,,,4,False,
2023-01-15,Films (English),4,Dog Gone,,18880000,,,1,False,
2023-01-15,Films (English),5,Sing,,10400000,,,6,False,
2023-01-15,Films (English),6,Roald Dahl's Matilda The Musical,,8310000,,,3,False,
2023-01-15,Films (English),7,Jumanji: The Next Level,,6360000,,,3,False,
2023-01-15,Films (English),8,Transformers: Dark of the Moon,,5630000,,,1,False,
2023-01-15,Films (English),9,Colombiana,,4860000,,,1,False,
2023-01-15,Films (English),10,Daddy Day Care,,4850000,,,1,False,
2023-01-08,Films (English),1,Glass Onion: A Knives Out Mystery,,44320000,,,3,False,
2023-01-08,Films (English),2,The Pale Blue Eye,,42960000,,,1,False,
2023-01-08,Films (English),3,Jumanji: The Next Level,,17550000,,,2,False,
2023-01-08,Films (English),4,Roald Dahl's Matilda The Musical,,17500000,,,2,False,
2023-01-08,Films (English),5,White Noise,,14340000,,,2,False,
2023-01-08,Films (English),6,Honest Thief,,10200000,,,1,False,
2023-01-08,Films (English),7,Sing,,9560000,,,5,False,
2023-01-08,Films (English),8,Knives Out,,7470000,,,2,False,
2023-01-08,Films (English),9,Hard Target 2,,7460000,,,1,False,
2023-01-08,Films (English),10,Trolls,,6500000,,,3,False,
2023-01-01,Films (English),1,Glass Onion: A Knives Out Mystery,,127250000,,,2,False,
2023-01-01,Films (English),2,Roald Dahl's Matilda The Musical,,41060000,,,1,False,
2023-01-01,Films (English),3,Knives Out,,16760000,,,1,False,
2023-01-01,Films (English),4,White Noise,,14750000,,,1,False,
2023-01-01,Films (English),5,The Invitation,,12200000,,,1,False,
2023-01-01,Films (English),6,Guillermo del Toros Pinocchio,,10910000,,,4,False,
2023-01-01,Films (English),7,Trolls,,9980000,,,2,False,
2023-01-01,Films (English),8,After Ever Happy,,7220000,,,1,False,
2023-01-01,Films (English),9,How the Grinch Stole Christmas,,7190000,,,3,False,
2023-01-01,Films (English),10,Bullet Train,,6940000,,,5,False,
2022-12-25,Films (English),1,Glass Onion: A Knives Out Mystery,,82140000,,,1,False,
2022-12-25,Films (English),2,The Volcano: Rescue from Whakaari,,25110000,,,2,False,
2022-12-25,Films (English),3,Guillermo del Toros Pinocchio,,19680000,,,3,False,
2022-12-25,Films (English),4,How the Grinch Stole Christmas,,12680000,,,2,False,
2022-12-25,Films (English),5,A Bad Moms Christmas,,10890000,,,1,False,
2022-12-25,Films (English),6,I Believe in Santa,,10090000,,,2,False,
2022-12-25,Films (English),7,The Christmas Chronicles,,9840000,,,5,False,
2022-12-25,Films (English),8,Falling for Christmas,,7910000,,,6,False,
2022-12-25,Films (English),9,Bullet Train,,7250000,,,4,False,
2022-12-25,Films (English),10,The Christmas Chronicles: Part Two,,7170000,,,4,False,
2022-12-18,Films (English),1,Guillermo del Toros Pinocchio,,39380000,,,2,False,
2022-12-18,Films (English),2,I Believe in Santa,,19960000,,,1,False,
2022-12-18,Films (English),3,Prisoners,,19000000,,,1,False,
2022-12-18,Films (English),4,Bullet Train,,13530000,,,3,False,
2022-12-18,Films (English),5,Lady Chatterley's Lover,,11090000,,,3,False,
2022-12-18,Films (English),6,The Volcano: Rescue from Whakaari,,8940000,,,1,False,
2022-12-18,Films (English),7,How the Grinch Stole Christmas,,7530000,,,1,False,
2022-12-18,Films (English),8,Falling for Christmas,,6400000,,,5,False,
2022-12-18,Films (English),9,Scrooge: A Christmas Carol,,5680000,,,3,False,
2022-12-18,Films (English),10,The Noel Diary,,5560000,,,4,False,
2022-12-11,Films (English),1,Lady Chatterley's Lover,,29030000,,,2,False,
2022-12-11,Films (English),2,Guillermo del Toros Pinocchio,,28080000,,,1,False,
2022-12-11,Films (English),3,Bullet Train,,24620000,,,2,False,
2022-12-11,Films (English),4,Scrooge: A Christmas Carol,,13050000,,,2,False,
2022-12-11,Films (English),5,The Swimmers,,11720000,,,3,False,
2022-12-11,Films (English),6,The Noel Diary,,11580000,,,3,False,
2022-12-11,Films (English),7,The Boss Baby: Christmas Bonus,,10400000,,,1,False,
2022-12-11,Films (English),8,Slumberland,,10380000,,,4,False,
2022-12-11,Films (English),9,A Christmas Miracle for Daisy,,9780000,,,1,False,
2022-12-11,Films (English),10,Emily the Criminal,,9590000,,,1,False,
2022-12-04,Films (English),1,The Noel Diary,,27630000,,,2,False,
2022-12-04,Films (English),2,The Swimmers,,27040000,,,2,False,
2022-12-04,Films (English),3,Lady Chatterley's Lover,,20000000,,,1,False,
2022-12-04,Films (English),4,Slumberland,,17830000,,,3,False,
2022-12-04,Films (English),5,Bullet Train,,11320000,,,1,False,
2022-12-04,Films (English),6,Christmas on Mistletoe Farm,,11110000,,,2,False,
2022-12-04,Films (English),7,Falling for Christmas,,9080000,,,4,False,
2022-12-04,Films (English),8,Angel Falls Christmas,,8820000,,,1,False,
2022-12-04,Films (English),9,Scrooge: A Christmas Carol,,8170000,,,1,False,
2022-12-04,Films (English),10,Ghislaine Maxwell: Filthy Rich,,7610000,,,2,False,
2022-11-27,Films (English),1,Slumberland,,45430000,,,2,False,
2022-11-27,Films (English),2,The Noel Diary,,36270000,,,1,False,
2022-11-27,Films (English),3,The Swimmers,,22480000,,,1,False,
2022-11-27,Films (English),4,The Wonder,,16860000,,,2,False,
2022-11-27,Films (English),5,Falling for Christmas,,14980000,,,3,False,
2022-11-27,Films (English),6,Christmas with You,,13800000,,,2,False,
2022-11-27,Films (English),7,Christmas on Mistletoe Farm,,13470000,,,1,False,
2022-11-27,Films (English),8,Enola Holmes 2,,9670000,,,4,False,
2022-11-27,Films (English),9,Where the Crawdads Sing,,9640000,,,3,False,
2022-11-27,Films (English),10,Ghislaine Maxwell: Filthy Rich,,7290000,,,1,False,
2022-11-20,Films (English),1,Falling for Christmas,,37850000,,,2,False,
2022-11-20,Films (English),2,Slumberland,,33370000,,,1,False,
2022-11-20,Films (English),3,The Wonder,,26180000,,,1,False,
2022-11-20,Films (English),4,Enola Holmes 2,,21420000,,,3,False,
2022-11-20,Films (English),5,Where the Crawdads Sing,,20330000,,,2,False,
2022-11-20,Films (English),6,Christmas with You,,17930000,,,1,False,
2022-11-20,Films (English),7,Minions & More Volume 2,,10500000,,,2,False,
2022-11-20,Films (English),8,The Good Nurse,,8800000,,,4,False,
2022-11-20,Films (English),9,Enola Holmes,,7610000,,,3,False,
2022-11-20,Films (English),10,I Am Vanessa Guillen,,7500000,,,1,False,
2022-11-13,Films (English),1,Enola Holmes 2,,62860000,,,2,False,
2022-11-13,Films (English),2,Falling for Christmas,,48360000,,,1,False,
2022-11-13,Films (English),3,Enola Holmes,,18650000,,,2,False,
2022-11-13,Films (English),4,Medieval,,18230000,,,1,False,
2022-11-13,Films (English),5,The Good Nurse,,15060000,,,3,False,
2022-11-13,Films (English),6,Minions & More Volume 2,,13510000,,,1,False,
2022-11-13,Films (English),7,The Bad Guys,,12190000,,,2,False,
2022-11-13,Films (English),8,Where the Crawdads Sing,,10830000,,,1,False,
2022-11-13,Films (English),9,The School for Good and Evil,,8850000,,,4,False,
2022-11-13,Films (English),10,Hotel Transylvania 2,,7920000,,,2,False,
2022-11-06,Films (English),1,Enola Holmes 2,,64080000,,,1,False,
2022-11-06,Films (English),2,The Good Nurse,,36780000,,,2,False,
2022-11-06,Films (English),3,The School for Good and Evil,,19030000,,,3,False,
2022-11-06,Films (English),4,War,,16760000,,,1,False,
2022-11-06,Films (English),5,Wild Is the Wind,,16390000,,,2,False,
2022-11-06,Films (English),6,The Bad Guys,,15910000,,,1,False,
2022-11-06,Films (English),7,Hotel Transylvania 2,,10370000,,,1,False,
2022-11-06,Films (English),8,Enola Holmes,,9640000,,,1,False,
2022-11-06,Films (English),9,Oblivion,,5860000,,,1,False,
2022-11-06,Films (English),10,The Curse of Bridge Hollow,,5030000,,,4,False,
2022-10-30,Films (English),1,The Good Nurse,,68310000,,,1,False,
2022-10-30,Films (English),2,The School for Good and Evil,,41950000,,,2,False,
2022-10-30,Films (English),3,The Stranger,,9170000,,,2,False,
2022-10-30,Films (English),4,Wild Is the Wind,,8890000,,,1,False,
2022-10-30,Films (English),5,The Curse of Bridge Hollow,,8170000,,,3,False,
2022-10-30,Films (English),6,Luckiest Girl Alive,,8020000,,,4,False,
2022-10-30,Films (English),7,Sing,,5420000,,,4,False,
2022-10-30,Films (English),8,The Boss Baby,,4210000,,,4,False,
2022-10-30,Films (English),9,Hubie Halloween,,3960000,,,1,False,
2022-10-30,Films (English),10,Blade of the 47 Ronin,,3940000,,,1,False,
2022-10-23,Films (English),1,The School for Good and Evil,,78830000,,,1,False,
2022-10-23,Films (English),2,The Curse of Bridge Hollow,,25340000,,,2,False,
2022-10-23,Films (English),3,Luckiest Girl Alive,,19300000,,,3,False,
2022-10-23,Films (English),4,The Stranger,,17040000,,,1,False,
2022-10-23,Films (English),5,Blackout,,12120000,,,2,False,
2022-10-23,Films (English),6,Black and Blue,,9200000,,,2,False,
2022-10-23,Films (English),7,Sing,,7300000,,,3,False,
2022-10-23,Films (English),8,Mr. Harrigan's Phone,,5770000,,,3,False,
2022-10-23,Films (English),9,The Boss Baby,,5190000,,,3,False,
2022-10-23,Films (English),10,Charlie's Angels,,4920000,,,1,False,
2022-10-16,Films (English),1,Luckiest Girl Alive,,57010000,,,2,False,
2022-10-16,Films (English),2,The Curse of Bridge Hollow,,25120000,,,1,False,
2022-10-16,Films (English),3,Blackout,,21090000,,,1,False,
2022-10-16,Films (English),4,Mr. Harrigan's Phone,,20080000,,,2,False,
2022-10-16,Films (English),5,Sing,,12310000,,,2,False,
2022-10-16,Films (English),6,The Redeem Team,,10290000,,,2,False,
2022-10-16,Films (English),7,The Boss Baby,,7390000,,,2,False,
2022-10-16,Films (English),8,Running with the Devil,,6160000,,,1,False,
2022-10-16,Films (English),9,Blonde,,6090000,,,3,False,
2022-10-16,Films (English),10,Black and Blue,,5600000,,,1,False,
2022-10-09,Films (English),1,Luckiest Girl Alive,,43080000,,,1,False,
2022-10-09,Films (English),2,Mr. Harrigan's Phone,,35420000,,,1,False,
2022-10-09,Films (English),3,Last Seen Alive,,18810000,,,2,False,
2022-10-09,Films (English),4,Blonde,,17410000,,,2,False,
2022-10-09,Films (English),5,Lou,,12600000,,,3,False,
2022-10-09,Films (English),6,The Boss Baby,,8510000,,,1,False,
2022-10-09,Films (English),7,Sing,,8420000,,,1,False,
2022-10-09,Films (English),8,Marauders,,8350000,,,2,False,
2022-10-09,Films (English),9,The Redeem Team,,7850000,,,1,False,
2022-10-09,Films (English),10,Minions & More Volume 1,,7090000,,,3,False,
2022-10-02,Films (English),1,Lou,,46190000,,,2,False,
2022-10-02,Films (English),2,Blonde,,37340000,,,1,False,
2022-10-02,Films (English),3,Do Revenge,,15920000,,,3,False,
2022-10-02,Films (English),4,A Jazzman's Blues,,15670000,,,2,False,
2022-10-02,Films (English),5,Minions & More Volume 1,,10530000,,,2,False,
2022-10-02,Films (English),6,Last Seen Alive,,8110000,,,1,False,
2022-10-02,Films (English),7,Marauders,,6700000,,,1,False,
2022-10-02,Films (English),8,Inheritance,,6420000,,,1,False,
2022-10-02,Films (English),9,Father Stu,,5450000,,,2,False,
2022-10-02,Films (English),10,Elysium,,5170000,,,1,False,
2022-09-25,Films (English),1,Do Revenge,,42550000,,,2,False,
2022-09-25,Films (English),2,Lou,,40570000,,,1,False,
2022-09-25,Films (English),3,Father Stu,,13770000,,,1,False,
2022-09-25,Films (English),4,I Used to Be Famous,,11630000,,,1,False,
2022-09-25,Films (English),5,A Jazzman's Blues,,7820000,,,1,False,
2022-09-25,Films (English),6,Me Time,,6230000,,,5,False,
2022-09-25,Films (English),7,Minions & More Volume 1,,5660000,,,1,False,
2022-09-25,Films (English),8,End of the Road,,5540000,,,3,False,
2022-09-25,Films (English),9,This Is the End,,5320000,,,2,False,
2022-09-25,Films (English),10,Dolittle,,5130000,,,2,False,
2022-09-18,Films (English),1,End of the Road,,27190000,,,2,False,
2022-09-18,Films (English),2,Do Revenge,,26670000,,,1,False,
2022-09-18,Films (English),3,Love in the Villa,,8870000,,,3,False,
2022-09-18,Films (English),4,Me Time,,7910000,,,4,False,
2022-09-18,Films (English),5,Morbius,,7530000,,,2,False,
2022-09-18,Films (English),6,I Came By,,7360000,,,3,False,
2022-09-18,Films (English),7,Despicable Me 2,,7160000,,,9,False,
2022-09-18,Films (English),8,The Invisible Man,,6530000,,,1,False,
2022-09-18,Films (English),9,Dolittle,,5580000,,,1,False,
2022-09-18,Films (English),10,This Is the End,,5250000,,,1,False,
2022-09-11,Films (English),1,End of the Road,,30210000,,,1,False,
2022-09-11,Films (English),2,Love in the Villa,,29530000,,,2,False,
2022-09-11,Films (English),3,I Came By,,26800000,,,2,False,
2022-09-11,Films (English),4,Me Time,,20660000,,,3,False,
2022-09-11,Films (English),5,Morbius,,12200000,,,1,False,
2022-09-11,Films (English),6,White Chicks,,9210000,,,1,False,
2022-09-11,Films (English),7,Despicable Me 2,,7590000,,,8,False,
2022-09-11,Films (English),8,Hanna,,7120000,,,1,False,
2022-09-11,Films (English),9,Triple 9,,6530000,,,1,False,
2022-09-11,Films (English),10,Labor Day,,6510000,,,1,False,
2022-09-04,Films (English),1,Me Time,,56560000,,,2,False,
2022-09-04,Films (English),2,Love in the Villa,,41220000,,,1,False,
2022-09-04,Films (English),3,I Came By,,30790000,,,1,False,
2022-09-04,Films (English),4,That's Amor,,17420000,,,2,False,
2022-09-04,Films (English),5,Look Both Ways,,11780000,,,3,False,
2022-09-04,Films (English),6,Day Shift,,9450000,,,4,False,
2022-09-04,Films (English),7,The Next 365 Days,,9070000,,,3,False,
2022-09-04,Films (English),8,Purple Hearts,,7520000,,,6,False,
2022-09-04,Films (English),9,The Gray Man,,6260000,,,6,False,
2022-09-04,Films (English),10,Collateral,,6100000,,,1,False,
2022-08-28,Films (English),1,Me Time,,59230000,,,1,False,
2022-08-28,Films (English),2,Look Both Ways,,29890000,,,2,False,
2022-08-28,Films (English),3,The Next 365 Days,,27010000,,,2,False,
2022-08-28,Films (English),4,Day Shift,,20460000,,,3,False,
2022-08-28,Films (English),5,Purple Hearts,,12360000,,,5,False,
2022-08-28,Films (English),6,The Mummy,,11540000,,,1,False,
2022-08-28,Films (English),7,Running with the Devil: The Wild World of John McAfee,,10630000,,,1,False,
2022-08-28,Films (English),8,Untold: The Girlfriend Who Didn't Exist,,10480000,,,2,False,
2022-08-28,Films (English),9,That's Amor,,10470000,,,1,False,
2022-08-28,Films (English),10,The Great Wall,,10090000,,,1,False,
2022-08-21,Films (English),1,Day Shift,,63390000,,,2,False,
2022-08-21,Films (English),2,Look Both Ways,,48060000,,,1,False,
2022-08-21,Films (English),3,The Next 365 Days,,39310000,,,1,False,
2022-08-21,Films (English),4,Purple Hearts,,23410000,,,4,False,
2022-08-21,Films (English),5,Untold: The Girlfriend Who Didn't Exist,,20050000,,,1,False,
2022-08-21,Films (English),6,The Gray Man,,14640000,,,5,False,
2022-08-21,Films (English),7,The Angry Birds Movie 2,,11470000,,,1,False,
2022-08-21,Films (English),8,Uncharted,,8660000,,,3,False,
2022-08-21,Films (English),9,The Sea Beast,,8120000,,,7,False,
2022-08-21,Films (English),10,Inside the Mind of a Cat,,6990000,,,1,False,
2022-08-14,Films (English),1,Day Shift,,56510000,,,1,False,
2022-08-14,Films (English),2,Purple Hearts,,46370000,,,3,False,
2022-08-14,Films (English),3,Uncharted,,23710000,,,2,False,
2022-08-14,Films (English),4,The Gray Man,,21160000,,,4,False,
2022-08-14,Films (English),5,Wedding Season,,19010000,,,2,False,
2022-08-14,Films (English),6,The Sea Beast,,10850000,,,6,False,
2022-08-14,Films (English),7,1917,,10840000,,,1,False,
2022-08-14,Films (English),8,Flight,,10710000,,,1,False,
2022-08-14,Films (English),9,The Informer,,8330000,,,1,False,
2022-08-14,Films (English),10,Sing 2,,7270000,,,8,False,
2022-08-07,Films (English),1,Purple Hearts,,102590000,,,2,False,
2022-08-07,Films (English),2,The Gray Man,,38900000,,,3,False,
2022-08-07,Films (English),3,Uncharted,,20650000,,,1,False,
2022-08-07,Films (English),4,Wedding Season,,18600000,,,1,False,
2022-08-07,Films (English),5,The Sea Beast,,14340000,,,5,False,
2022-08-07,Films (English),6,Spider-Man: Far from Home,,11320000,,,2,False,
2022-08-07,Films (English),7,The Age of Adaline,,9340000,,,1,False,
2022-08-07,Films (English),8,Tower Heist,,8700000,,,1,False,
2022-08-07,Films (English),9,Men in Black 3,,8680000,,,1,False,
2022-08-07,Films (English),10,Sing 2,,7950000,,,7,False,
2022-07-31,Films (English),1,The Gray Man,,96470000,,,2,False,
2022-07-31,Films (English),2,Purple Hearts,,48230000,,,1,False,
2022-07-31,Films (English),3,The Sea Beast,,21070000,,,4,False,
2022-07-31,Films (English),4,Persuasion,,11070000,,,3,False,
2022-07-31,Films (English),5,Sing 2,,9370000,,,6,False,
2022-07-31,Films (English),6,Spider-Man: Far from Home,,8300000,,,1,False,
2022-07-31,Films (English),7,The Man from Toronto,,7620000,,,6,False,
2022-07-31,Films (English),8,Shania Twain: Not Just a Girl,,4640000,,,1,False,
2022-07-31,Films (English),9,Line of Duty,,4140000,,,1,False,
2022-07-31,Films (English),10,Red Notice,,4090000,,,14,False,
2022-07-24,Films (English),1,The Gray Man,,88550000,,,1,False,
2022-07-24,Films (English),2,The Sea Beast,,34140000,,,3,False,
2022-07-24,Films (English),3,Persuasion,,29040000,,,2,False,
2022-07-24,Films (English),4,Clean,,11290000,,,1,False,
2022-07-24,Films (English),5,Daughter of the Wolf,,11080000,,,1,False,
2022-07-24,Films (English),6,Sing 2,,10150000,,,5,False,
2022-07-24,Films (English),7,The Man from Toronto,,8790000,,,5,False,
2022-07-24,Films (English),8,Girl in the Picture,,7360000,,,3,False,
2022-07-24,Films (English),9,CHIPS,,5080000,,,2,False,
2022-07-24,Films (English),10,12 Strong,,4610000,,,2,False,
2022-07-17,Films (English),1,The Sea Beast,,68110000,,,2,False,
2022-07-17,Films (English),2,Persuasion,,28720000,,,1,False,
2022-07-17,Films (English),3,Girl in the Picture,,23590000,,,2,False,
2022-07-17,Films (English),4,The Man from Toronto,,13500000,,,4,False,
2022-07-17,Films (English),5,Sing 2,,12220000,,,4,False,
2022-07-17,Films (English),6,12 Strong,,11810000,,,1,False,
2022-07-17,Films (English),7,Spider-Man: No Way Home,,8080000,,,1,False,
2022-07-17,Films (English),8,CHIPS,,7480000,,,1,False,
2022-07-17,Films (English),9,Hustle,,6450000,,,6,False,
2022-07-17,Films (English),10,"Hello, Goodbye, and Everything in Between",,6170000,,,2,False,
2022-07-10,Films (English),1,The Sea Beast,,33520000,,,1,False,
2022-07-10,Films (English),2,Girl in the Picture,,28380000,,,1,False,
2022-07-10,Films (English),3,The Man from Toronto,,24380000,,,3,False,
2022-07-10,Films (English),4,Sing 2,,16580000,,,3,False,
2022-07-10,Films (English),5,American Assassin,,13360000,,,1,False,
2022-07-10,Films (English),6,Grand Isle,,11460000,,,1,False,
2022-07-10,Films (English),7,"Hello, Goodbye, and Everything in Between",,10260000,,,1,False,
2022-07-10,Films (English),8,Hustle,,9400000,,,5,False,
2022-07-10,Films (English),9,Mean Girls,,8110000,,,1,False,
2022-07-10,Films (English),10,The Dark Knight Rises,,7750000,,,1,False,
2022-07-03,Films (English),1,The Man from Toronto,,62640000,,,2,False,
2022-07-03,Films (English),2,Sing 2,,24080000,,,2,False,
2022-07-03,Films (English),3,Love & Gelato,,18900000,,,2,False,
2022-07-03,Films (English),4,Hustle,,14640000,,,4,False,
2022-07-03,Films (English),5,Glamour Girls,,12390000,,,1,False,
2022-07-03,Films (English),6,Homefront,,11000000,,,1,False,
2022-07-03,Films (English),7,Spiderhead,,9520000,,,3,False,
2022-07-03,Films (English),8,The Mist,,6230000,,,2,False,
2022-07-03,Films (English),9,Chickenhare and the Hamster of Darkness,,5980000,,,4,False,
2022-07-03,Films (English),10,Backtrace,,4530000,,,1,False,
2022-06-26,Films (English),1,The Man from Toronto,,53890000,,,1,False,
2022-06-26,Films (English),2,Spiderhead,,38300000,,,2,False,
2022-06-26,Films (English),3,Hustle,,26050000,,,3,False,
2022-06-26,Films (English),4,Love & Gelato,,25790000,,,1,False,
2022-06-26,Films (English),5,Sing 2,,24270000,,,1,False,
2022-06-26,Films (English),6,Chickenhare and the Hamster of Darkness,,10960000,,,3,False,
2022-06-26,Films (English),7,Collision,,8450000,,,2,False,
2022-06-26,Films (English),8,The Mist,,8400000,,,1,False,
2022-06-26,Films (English),9,Halftime,,8370000,,,2,False,
2022-06-26,Films (English),10,It,,8350000,,,1,False,
2022-06-19,Films (English),1,Hustle,,57190000,,,2,False,
2022-06-19,Films (English),2,Spiderhead,,35400000,,,1,False,
2022-06-19,Films (English),3,Chickenhare and the Hamster of Darkness,,23750000,,,2,False,
2022-06-19,Films (English),4,Halftime,,18880000,,,1,False,
2022-06-19,Films (English),5,Interceptor,,13110000,,,3,False,
2022-06-19,Films (English),6,Collision,,12960000,,,1,False,
2022-06-19,Films (English),7,Trees of Peace,,9380000,,,1,False,
2022-06-19,Films (English),8,Sonic the Hedgehog,,4570000,,,8,False,
2022-06-19,Films (English),9,A Perfect Pairing,,4440000,,,5,False,
2022-06-19,Films (English),10,Senior Year,,4200000,,,6,False,
2022-06-12,Films (English),1,Hustle,,84580000,,,1,False,
2022-06-12,Films (English),2,Interceptor,,40700000,,,2,False,
2022-06-12,Films (English),3,Chickenhare and the Hamster of Darkness,,9820000,,,1,False,
2022-06-12,Films (English),4,The Amazing Spider-Man,,8440000,,,2,False,
2022-06-12,Films (English),5,Senior Year,,7220000,,,5,False,
2022-06-12,Films (English),6,A Perfect Pairing,,7130000,,,4,False,
2022-06-12,Films (English),7,Mission: Impossible - Ghost Protocol,,6550000,,,1,False,
2022-06-12,Films (English),8,Rambo: Last Blood,,6530000,,,1,False,
2022-06-12,Films (English),9,Deep Impact,,6260000,,,1,False,
2022-06-12,Films (English),10,Sonic the Hedgehog,,5510000,,,7,False,
2022-06-05,Films (English),1,Interceptor,,35600000,,,1,False,
2022-06-05,Films (English),2,A Perfect Pairing,,14410000,,,3,False,
2022-06-05,Films (English),3,The Amazing Spider-Man,,13500000,,,1,False,
2022-06-05,Films (English),4,Senior Year,,13260000,,,4,False,
2022-06-05,Films (English),5,Memoirs of a Geisha,,10200000,,,1,False,
2022-06-05,Films (English),6,The Outpost,,10120000,,,1,False,
2022-06-05,Films (English),7,Disappearance at Clifton Hill,,8670000,,,1,False,
2022-06-05,Films (English),8,Sonic the Hedgehog,,6500000,,,6,False,
2022-06-05,Films (English),9,Jack Reacher,,5370000,,,1,False,
2022-06-05,Films (English),10,Jackass 4.5,,4820000,,,3,False,
2022-05-29,Films (English),1,A Perfect Pairing,,32630000,,,2,False,
2022-05-29,Films (English),2,Senior Year,,24560000,,,3,False,
2022-05-29,Films (English),3,Jackass 4.5,,18540000,,,2,False,
2022-05-29,Films (English),4,Dangerous,,11740000,,,2,False,
2022-05-29,Films (English),5,Sonic the Hedgehog,,8910000,,,5,False,
2022-05-29,Films (English),6,Top Gun,,6440000,,,1,False,
2022-05-29,Films (English),7,Cleveland Abduction,,6360000,,,1,False,
2022-05-29,Films (English),8,Turbo,,5310000,,,1,False,
2022-05-29,Films (English),9,Our Father,,5150000,,,3,False,
2022-05-29,Films (English),10,Ben Is Back,,4610000,,,1,False,
2022-05-22,Films (English),1,Senior Year,,62420000,,,2,False,
2022-05-22,Films (English),2,A Perfect Pairing,,33000000,,,1,False,
2022-05-22,Films (English),3,Dangerous,,18060000,,,1,False,
2022-05-22,Films (English),4,Sonic the Hedgehog,,15990000,,,4,False,
2022-05-22,Films (English),5,Our Father,,13580000,,,2,False,
2022-05-22,Films (English),6,Jackass 4.5,,12080000,,,1,False,
2022-05-22,Films (English),7,Marmaduke,,7480000,,,3,False,
2022-05-22,Films (English),8,Operation Mincemeat,,6720000,,,2,False,
2022-05-22,Films (English),9,365 Days: This Day,,6110000,,,4,False,
2022-05-22,Films (English),10,Borrego,,6080000,,,1,False,
2022-05-15,Films (English),1,Senior Year,,55940000,,,1,False,
2022-05-15,Films (English),2,Our Father,,23870000,,,1,False,
2022-05-15,Films (English),3,Marmaduke,,15030000,,,2,False,
2022-05-15,Films (English),4,Along for the Ride,,13310000,,,2,False,
2022-05-15,Films (English),5,Operation Mincemeat,,12620000,,,1,False,
2022-05-15,Films (English),6,Sonic the Hedgehog,,12290000,,,3,False,
2022-05-15,Films (English),7,365 Days: This Day,,10580000,,,3,False,
2022-05-15,Films (English),8,U.S. Marshals,,5520000,,,2,False,
2022-05-15,Films (English),9,Den of Thieves,,5420000,,,1,False,
2022-05-15,Films (English),10,Men in Black: International,,4650000,,,2,False,
2022-05-08,Films (English),1,365 Days: This Day,,27530000,,,2,False,
2022-05-08,Films (English),2,Sonic the Hedgehog,,17150000,,,2,False,
2022-05-08,Films (English),3,Silverton Siege,,11150000,,,2,False,
2022-05-08,Films (English),4,Along for the Ride,,10840000,,,1,False,
2022-05-08,Films (English),5,The Gentlemen,,8610000,,,1,False,
2022-05-08,Films (English),6,U.S. Marshals,,8080000,,,1,False,
2022-05-08,Films (English),7,The Mystery of Marilyn Monroe: The Unheard Tapes,,7590000,,,2,False,
2022-05-08,Films (English),8,Men in Black: International,,7370000,,,1,False,
2022-05-08,Films (English),9,Marmaduke,,7010000,,,1,False,
2022-05-08,Films (English),10,365 Days,,6290000,,,2,False,
2022-05-01,Films (English),1,365 Days: This Day,,77980000,,,1,False,
2022-05-01,Films (English),2,Silverton Siege,,20280000,,,1,False,
2022-05-01,Films (English),3,The Mystery of Marilyn Monroe: The Unheard Tapes,,15360000,,,1,False,
2022-05-01,Films (English),4,365 Days,,10040000,,,1,False,
2022-05-01,Films (English),5,The Vault,,6660000,,,3,False,
2022-05-01,Films (English),6,How It Ends,,6640000,,,4,False,
2022-05-01,Films (English),7,The In Between,,6050000,,,4,False,
2022-05-01,Films (English),8,The Adam Project,,5660000,,,8,False,
2022-05-01,Films (English),9,Sonic the Hedgehog,,4920000,,,1,False,
2022-05-01,Films (English),10,Shrek,,4540000,,,7,False,
2022-04-24,Films (English),1,Choose or Die,,15260000,,,2,False,
2022-04-24,Films (English),2,The In Between,,13350000,,,3,False,
2022-04-24,Films (English),3,White Hot: The Rise & Fall of Abercrombie & Fitch,,9920000,,,1,False,
2022-04-24,Films (English),4,How It Ends,,8280000,,,3,False,
2022-04-24,Films (English),5,Yakuza Princess,,7490000,,,1,False,
2022-04-24,Films (English),6,The Adam Project,,7480000,,,7,False,
2022-04-24,Films (English),7,Playing with Fire,,6750000,,,1,False,
2022-04-24,Films (English),8,The Vault,,6620000,,,2,False,
2022-04-24,Films (English),9,Shrek,,5310000,,,6,False,
2022-04-24,Films (English),10,Cleaner,,4920000,,,2,False,
2022-04-17,Films (English),1,The In Between,,35900000,,,2,False,
2022-04-17,Films (English),2,Choose or Die,,16000000,,,1,False,
2022-04-17,Films (English),3,A Score to Settle,,9750000,,,1,False,
2022-04-17,Films (English),4,The Adam Project,,9270000,,,6,False,
2022-04-17,Films (English),5,Metal Lords,,8740000,,,1,False,
2022-04-17,Films (English),6,How It Ends,,8600000,,,2,False,
2022-04-17,Films (English),7,The Call,,7710000,,,1,False,
2022-04-17,Films (English),8,Return to Space,,7150000,,,2,False,
2022-04-17,Films (English),9,Cleaner,,6770000,,,1,False,
2022-04-17,Films (English),10,A Dog's Way Home,,5750000,,,1,False,
2022-04-10,Films (English),1,The In Between,,26770000,,,1,False,
2022-04-10,Films (English),2,The Adam Project,,10900000,,,5,False,
2022-04-10,Films (English),3,The Bubble,,9950000,,,2,False,
2022-04-10,Films (English),4,Shrek Forever After,,9770000,,,2,False,
2022-04-10,Films (English),5,The Blind Side,,8710000,,,2,False,
2022-04-10,Films (English),6,Four Brothers,,8170000,,,1,False,
2022-04-10,Films (English),7,Enough,,5790000,,,1,False,
2022-04-10,Films (English),8,How It Ends,,5650000,,,1,False,
2022-04-10,Films (English),9,Shrek,,5340000,,,5,False,
2022-04-10,Films (English),10,Return to Space,,4550000,,,1,False,
2022-04-03,Films (English),1,The Adam Project,,17720000,,,4,False,
2022-04-03,Films (English),2,The Bubble,,12450000,,,1,False,
2022-04-03,Films (English),3,Trust No One: The Hunt for the Crypto King,,12070000,,,1,False,
2022-04-03,Films (English),4,The Blind Side,,9880000,,,1,False,
2022-04-03,Films (English),5,6 Underground,,8730000,,,3,False,
2022-04-03,Films (English),6,Blade Runner 2049,,7850000,,,1,False,
2022-04-03,Films (English),7,Shrek Forever After,,7690000,,,1,False,
2022-04-03,Films (English),8,Gemini Man,,7000000,,,3,False,
2022-04-03,Films (English),9,Rescued by Ruby,,6380000,,,3,False,
2022-04-03,Films (English),10,Escape Room,,6140000,,,1,False,
2022-03-27,Films (English),1,The Adam Project,,31700000,,,3,False,
2022-03-27,Films (English),2,Rescued by Ruby,,17030000,,,2,False,
2022-03-27,Films (English),3,Gemini Man,,16450000,,,2,False,
2022-03-27,Films (English),4,Windfall,,15490000,,,2,False,
2022-03-27,Films (English),5,John Wick: Chapter 2,,7800000,,,1,False,
2022-03-27,Films (English),6,The Dead Don't Die,,7570000,,,1,False,
2022-03-27,Films (English),7,6 Underground,,7440000,,,2,False,
2022-03-27,Films (English),8,A Walk Among the Tombstones,,6740000,,,2,False,
2022-03-27,Films (English),9,Shrek,,6350000,,,4,False,
2022-03-27,Films (English),10,Despicable Me 2,,5750000,,,7,False,
2022-03-20,Films (English),1,The Adam Project,,85360000,,,2,False,
2022-03-20,Films (English),2,Rescued by Ruby,,19940000,,,1,False,
2022-03-20,Films (English),3,Gemini Man,,11840000,,,1,False,
2022-03-20,Films (English),4,The Ice Road,,11650000,,,2,False,
2022-03-20,Films (English),5,The Weekend Away,,9240000,,,3,False,
2022-03-20,Films (English),6,A Walk Among the Tombstones,,9030000,,,1,False,
2022-03-20,Films (English),7,Windfall,,8360000,,,1,False,
2022-03-20,Films (English),8,Shrek,,7870000,,,3,False,
2022-03-20,Films (English),9,Shrek 2,,6750000,,,3,False,
2022-03-20,Films (English),10,A Madea Homecoming,,5790000,,,4,False,
2022-03-13,Films (English),1,The Adam Project,,92430000,,,1,False,
2022-03-13,Films (English),2,The Weekend Away,,26260000,,,2,False,
2022-03-13,Films (English),3,Against The Ice,,12730000,,,2,False,
2022-03-13,Films (English),4,Shrek,,10380000,,,2,False,
2022-03-13,Films (English),5,Shrek 2,,9900000,,,2,False,
2022-03-13,Films (English),6,A Madea Homecoming,,9030000,,,3,False,
2022-03-13,Films (English),7,Shooter,,7390000,,,1,False,
2022-03-13,Films (English),8,Spider-Man: Into the Spider-Verse,,5910000,,,2,False,
2022-03-13,Films (English),9,Despicable Me 2,,5720000,,,6,False,
2022-03-13,Films (English),10,Coach Carter,,5450000,,,1,False,
2022-03-06,Films (English),1,The Weekend Away,,44450000,,,1,False,
2022-03-06,Films (English),2,Against The Ice,,30730000,,,1,False,
2022-03-06,Films (English),3,A Madea Homecoming,,26410000,,,2,False,
2022-03-06,Films (English),4,Spider-Man: Into the Spider-Verse,,13940000,,,1,False,
2022-03-06,Films (English),5,Shrek 2,,13040000,,,1,False,
2022-03-06,Films (English),6,The Tinder Swindler,,9510000,,,5,False,
2022-03-06,Films (English),7,Shrek,,7780000,,,1,False,
2022-03-06,Films (English),8,Just Like Heaven,,7160000,,,1,False,
2022-03-06,Films (English),9,Despicable Me 2,,6890000,,,5,False,
2022-03-06,Films (English),10,Battleship,,6710000,,,1,False,
2022-02-27,Films (English),1,A Madea Homecoming,,31560000,,,1,False,
2022-02-27,Films (English),2,The Tinder Swindler,,17670000,,,4,False,
2022-02-27,Films (English),3,Texas Chainsaw Massacre,,17440000,,,2,False,
2022-02-27,Films (English),4,Downfall: The Case Against Boeing,,9910000,,,2,False,
2022-02-27,Films (English),5,Despicable Me 2,,9750000,,,4,False,
2022-02-27,Films (English),6,Fistful of Vengeance,,7560000,,,2,False,
2022-02-27,Films (English),7,Tall Girl 2,,7470000,,,3,False,
2022-02-27,Films (English),8,Abominable,,7330000,,,2,False,
2022-02-27,Films (English),9,Despicable Me,,5590000,,,4,False,
2022-02-27,Films (English),10,Red Notice,,4970000,,,13,False,
2022-02-20,Films (English),1,The Tinder Swindler,,34450000,,,3,False,
2022-02-20,Films (English),2,Texas Chainsaw Massacre,,29180000,,,1,False,
2022-02-20,Films (English),3,Tall Girl 2,,21740000,,,2,False,
2022-02-20,Films (English),4,Fistful of Vengeance,,18300000,,,1,False,
2022-02-20,Films (English),5,Despicable Me 2,,11510000,,,3,False,
2022-02-20,Films (English),6,Abominable,,8960000,,,1,False,
2022-02-20,Films (English),7,St. Vincent,,7640000,,,1,False,
2022-02-20,Films (English),8,Downfall: The Case Against Boeing,,7420000,,,1,False,
2022-02-20,Films (English),9,Despicable Me,,7170000,,,3,False,
2022-02-20,Films (English),10,The Vanishing,,7030000,,,1,False,
2022-02-13,Films (English),1,The Tinder Swindler,,64700000,,,2,False,
2022-02-13,Films (English),2,Tall Girl 2,,27440000,,,1,False,
2022-02-13,Films (English),3,13 Hours: The Secret Soldiers of Benghazi,,13270000,,,2,False,
2022-02-13,Films (English),4,Despicable Me 2,,13080000,,,2,False,
2022-02-13,Films (English),5,Home Team,,10550000,,,3,False,
2022-02-13,Films (English),6,Despicable Me,,8950000,,,2,False,
2022-02-13,Films (English),7,Dora and the Lost City of Gold,,8750000,,,1,False,
2022-02-13,Films (English),8,Faster,,6850000,,,2,False,
2022-02-13,Films (English),9,The Power of the Dog,,5460000,,,3,False,
2022-02-13,Films (English),10,Don't Look Up,,5360000,,,8,False,
2022-02-06,Films (English),1,The Tinder Swindler,,45800000,,,1,False,
2022-02-06,Films (English),2,Home Team,,33630000,,,2,False,
2022-02-06,Films (English),3,Despicable Me 2,,14340000,,,1,False,
2022-02-06,Films (English),4,13 Hours: The Secret Soldiers of Benghazi,,12980000,,,1,False,
2022-02-06,Films (English),5,Transformers: Revenge of the Fallen,,9790000,,,1,False,
2022-02-06,Films (English),6,The Royal Treatment,,8510000,,,3,False,
2022-02-06,Films (English),7,Don't Look Up,,6930000,,,7,False,
2022-02-06,Films (English),8,Despicable Me,,6850000,,,1,False,
2022-02-06,Films (English),9,Can You Keep a Secret?,,6410000,,,1,False,
2022-02-06,Films (English),10,Faster,,6370000,,,1,False,
2022-01-30,Films (English),1,The Royal Treatment,,26580000,,,2,False,
2022-01-30,Films (English),2,Home Team,,21050000,,,1,False,
2022-01-30,Films (English),3,Munich  The Edge of War,,17320000,,,2,False,
2022-01-30,Films (English),4,Don't Look Up,,10250000,,,6,False,
2022-01-30,Films (English),5,The Secret Life of Pets 2,,7850000,,,3,False,
2022-01-30,Films (English),6,Red Notice,,6540000,,,12,False,
2022-01-30,Films (English),7,Hotel Transylvania 3: Summer Vacation,,6280000,,,5,False,
2022-01-30,Films (English),8,Brazen,,5840000,,,3,False,
2022-01-30,Films (English),9,The Possession of Hannah Grace,,5760000,,,1,False,
2022-01-30,Films (English),10,A Perfect Enemy,,4870000,,,1,False,
2022-01-23,Films (English),1,The Royal Treatment,,42490000,,,1,False,
2022-01-23,Films (English),2,Brazen,,28570000,,,2,False,
2022-01-23,Films (English),3,Don't Look Up,,17130000,,,5,False,
2022-01-23,Films (English),4,The Secret Life of Pets 2,,16800000,,,2,False,
2022-01-23,Films (English),5,Riverdance: The Animated Adventure,,11840000,,,2,False,
2022-01-23,Films (English),6,Munich  The Edge of War,,11110000,,,1,False,
2022-01-23,Films (English),7,After We Fell,,8980000,,,1,False,
2022-01-23,Films (English),8,Red Notice,,7310000,,,11,False,
2022-01-23,Films (English),9,Back to the Outback,,6320000,,,7,False,
2022-01-23,Films (English),10,Mother/Android,,5330000,,,3,False,
2022-01-16,Films (English),1,Brazen,,45340000,,,1,False,
2022-01-16,Films (English),2,Don't Look Up,,28390000,,,4,False,
2022-01-16,Films (English),3,Mother/Android,,23170000,,,2,False,
2022-01-16,Films (English),4,The Secret Life of Pets 2,,9390000,,,1,False,
2022-01-16,Films (English),5,Just Go With It,,8790000,,,3,False,
2022-01-16,Films (English),6,Red Notice,,8710000,,,10,False,
2022-01-16,Films (English),7,Back to the Outback,,8710000,,,6,False,
2022-01-16,Films (English),8,Tides,,8470000,,,1,False,
2022-01-16,Films (English),9,Riverdance: The Animated Adventure,,7860000,,,1,False,
2022-01-16,Films (English),10,The Clovehitch Killer,,7000000,,,1,False,
2022-01-09,Films (English),1,Don't Look Up,,58200000,,,3,False,
2022-01-09,Films (English),2,Mother/Android,,29730000,,,1,False,
2022-01-09,Films (English),3,The Lost Daughter,,20370000,,,2,False,
2022-01-09,Films (English),4,Back to the Outback,,12430000,,,5,False,
2022-01-09,Films (English),5,The Unforgivable,,11340000,,,5,False,
2022-01-09,Films (English),6,Red Notice,,11090000,,,9,False,
2022-01-09,Films (English),7,Just Go With It,,10530000,,,2,False,
2022-01-09,Films (English),8,Journey 2: The Mysterious Island,,10520000,,,2,False,
2022-01-09,Films (English),9,Seal Team,,10310000,,,1,False,
2022-01-09,Films (English),10,The Longest Yard,,9960000,,,1,False,
2022-01-02,Films (English),1,Don't Look Up,,152290000,,,2,False,
2022-01-02,Films (English),2,The Unforgivable,,21310000,,,4,False,
2022-01-02,Films (English),3,The Lost Daughter,,18260000,,,1,False,
2022-01-02,Films (English),4,Back to the Outback,,17720000,,,4,False,
2022-01-02,Films (English),5,Red Notice,,14540000,,,8,False,
2022-01-02,Films (English),6,Spider-Man: Homecoming,,14180000,,,3,False,
2022-01-02,Films (English),7,Fast & Furious Presents: Hobbs & Shaw,,12870000,,,2,False,
2022-01-02,Films (English),8,Death to 2021,,10380000,,,1,False,
2022-01-02,Films (English),9,Journey 2: The Mysterious Island,,5440000,,,1,False,
2022-01-02,Films (English),10,Spider-Man,,5430000,,,1,False,
2021-12-26,Films (English),1,Don't Look Up,,111030000,,,1,False,
2021-12-26,Films (English),2,The Unforgivable,,26600000,,,3,False,
2021-12-26,Films (English),3,Fast & Furious Presents: Hobbs & Shaw,,26590000,,,1,False,
2021-12-26,Films (English),4,Back to the Outback,,24750000,,,3,False,
2021-12-26,Films (English),5,Spider-Man: Homecoming,,20000000,,,2,False,
2021-12-26,Films (English),6,The Christmas Chronicles,,12910000,,,4,False,
2021-12-26,Films (English),7,Red Notice,,12140000,,,7,False,
2021-12-26,Films (English),8,A California Christmas: City Lights,,11630000,,,2,False,
2021-12-26,Films (English),9,The Christmas Chronicles: Part Two,,10990000,,,3,False,
2021-12-26,Films (English),10,A Boy Called Christmas,,9120000,,,5,False,
2021-12-19,Films (English),1,The Unforgivable,,74440000,,,2,False,
2021-12-19,Films (English),2,Back to the Outback,,38990000,,,2,False,
2021-12-19,Films (English),3,A California Christmas: City Lights,,22860000,,,1,False,
2021-12-19,Films (English),4,Red Notice,,12710000,,,6,False,
2021-12-19,Films (English),5,The Shack,,11730000,,,1,False,
2021-12-19,Films (English),6,Spider-Man: Homecoming,,9370000,,,1,False,
2021-12-19,Films (English),7,John Wick: Chapter 3 - Parabellum,,8790000,,,1,False,
2021-12-19,Films (English),8,The Christmas Chronicles,,8430000,,,3,False,
2021-12-19,Films (English),9,The Christmas Chronicles: Part Two,,7840000,,,2,False,
2021-12-19,Films (English),10,A Boy Called Christmas,,7270000,,,4,False,
2021-12-12,Films (English),1,The Unforgivable,,85860000,,,1,False,
2021-12-12,Films (English),2,Red Notice,,18010000,,,5,False,
2021-12-12,Films (English),3,Back to the Outback,,16170000,,,1,False,
2021-12-12,Films (English),4,The Power of the Dog,,13280000,,,2,False,
2021-12-12,Films (English),5,Single All The Way,,11140000,,,2,False,
2021-12-12,Films (English),6,A Boy Called Christmas,,10750000,,,3,False,
2021-12-12,Films (English),7,A Castle For Christmas,,10050000,,,3,False,
2021-12-12,Films (English),8,Redemption Day,,9790000,,,1,False,
2021-12-12,Films (English),9,Bruised,,8970000,,,3,False,
2021-12-12,Films (English),10,The Christmas Chronicles,,8510000,,,2,False,
2021-12-05,Films (English),1,The Power of the Dog,,27200000,,,1,False,
2021-12-05,Films (English),2,A Castle For Christmas,,25550000,,,2,False,
2021-12-05,Films (English),3,Red Notice,,25400000,,,4,False,
2021-12-05,Films (English),4,Bruised,,23370000,,,2,False,
2021-12-05,Films (English),5,A Boy Called Christmas,,19360000,,,2,False,
2021-12-05,Films (English),6,Single All The Way,,13820000,,,1,False,
2021-12-05,Films (English),7,14 Peaks: Nothing Is Impossible,,12170000,,,1,False,
2021-12-05,Films (English),8,The Christmas Chronicles,,7940000,,,1,False,
2021-12-05,Films (English),9,The Christmas Chronicles: Part Two,,7790000,,,1,False,
2021-12-05,Films (English),10,Love Hard,,7240000,,,5,False,
2021-11-28,Films (English),1,Red Notice,,50650000,,,3,False,
2021-11-28,Films (English),2,Bruised,,47700000,,,1,False,
2021-11-28,Films (English),3,A Boy Called Christmas,,26820000,,,1,False,
2021-11-28,Films (English),4,A Castle For Christmas,,20870000,,,1,False,
2021-11-28,Films (English),5,The Princess Switch 3: Romancing the Star,,16250000,,,2,False,
2021-11-28,Films (English),6,The Croods,,15860000,,,2,False,
2021-11-28,Films (English),7,Jack Reacher: Never Go Back,,14670000,,,1,False,
2021-11-28,Films (English),8,Extinct,,13320000,,,1,False,
2021-11-28,Films (English),9,Central Intelligence,,10520000,,,2,False,
2021-11-28,Films (English),10,Love Hard,,9780000,,,4,False,
2021-11-21,Films (English),1,Red Notice,,129110000,,,2,False,
2021-11-21,Films (English),2,The Princess Switch 3: Romancing the Star,,24770000,,,1,False,
2021-11-21,Films (English),3,Love Hard,,21240000,,,3,False,
2021-11-21,Films (English),4,Central Intelligence,,14910000,,,1,False,
2021-11-21,Films (English),5,The Harder They Fall,,13770000,,,3,False,
2021-11-21,Films (English),6,The Croods,,13440000,,,1,False,
2021-11-21,Films (English),7,Army of Thieves,,12260000,,,4,False,
2021-11-21,Films (English),8,Trolls,,10120000,,,1,False,
2021-11-21,Films (English),9,6 Underground,,7770000,,,1,False,
2021-11-21,Films (English),10,Goosebumps 2: Haunted Halloween,,7680000,,,1,False,
2021-11-14,Films (English),1,Red Notice,,148720000,,,1,False,
2021-11-14,Films (English),2,Love Hard,,58560000,,,2,False,
2021-11-14,Films (English),3,The Harder They Fall,,33060000,,,2,False,
2021-11-14,Films (English),4,Army of Thieves,,20560000,,,3,False,
2021-11-14,Films (English),5,Father Christmas Is Back,,13780000,,,1,False,
2021-11-14,Films (English),6,211,,7900000,,,1,False,
2021-11-14,Films (English),7,Army of the Dead,,7620000,,,3,False,
2021-11-14,Films (English),8,Passing,,7490000,,,1,False,
2021-11-14,Films (English),9,Transformers: The Last Knight,,6920000,,,2,False,
2021-11-14,Films (English),10,Jumanji: The Next Level,,6760000,,,1,False,
2021-11-07,Films (English),1,Army of Thieves,,71610000,,,2,False,
2021-11-07,Films (English),2,The Harder They Fall,,64760000,,,1,False,
2021-11-07,Films (English),3,Love Hard,,40530000,,,1,False,
2021-11-07,Films (English),4,Army of the Dead,,16910000,,,2,False,
2021-11-07,Films (English),5,Transformers: The Last Knight,,13180000,,,1,False,
2021-11-07,Films (English),6,21 Jump Street,,11690000,,,1,False,
2021-11-07,Films (English),7,Hypnotic,,11140000,,,2,False,
2021-11-07,Films (English),8,The Girl in the Spider's Web,,6580000,,,1,False,
2021-11-07,Films (English),9,Amina,,6110000,,,1,False,
2021-11-07,Films (English),10,Just Go With It,,5740000,,,1,False,
2021-10-31,Films (English),1,Army of Thieves,,49640000,,,1,False,
2021-10-31,Films (English),2,Hypnotic,,24620000,,,1,False,
2021-10-31,Films (English),3,Night Teeth,,17010000,,,2,False,
2021-10-31,Films (English),4,Final Score,,9840000,,,1,False,
2021-10-31,Films (English),5,King Arthur: Legend of the Sword,,9150000,,,1,False,
2021-10-31,Films (English),6,Only Mine,,6670000,,,1,False,
2021-10-31,Films (English),7,Army of the Dead,,5780000,,,1,False,
2021-10-31,Films (English),8,Bloodshot,,5600000,,,1,False,
2021-10-31,Films (English),9,A Dog's Journey,,5350000,,,2,False,
2021-10-31,Films (English),10,Venom,,4190000,,,4,False,
2021-10-24,Films (English),1,Night Teeth,,31870000,,,1,False,
2021-10-24,Films (English),2,Venom,,7900000,,,3,False,
2021-10-24,Films (English),3,What Happens in Vegas,,7380000,,,1,False,
2021-10-24,Films (English),4,A Dog's Journey,,5780000,,,1,False,
2021-10-24,Films (English),5,My Little Pony: A New Generation,,5570000,,,5,False,
2021-10-24,Films (English),6,Unfaithful,,5350000,,,1,False,
2021-10-24,Films (English),7,Going in Style,,4520000,,,2,False,
2021-10-24,Films (English),8,The Guilty,,4400000,,,4,False,
2021-10-24,Films (English),9,Street Kings,,3440000,,,1,False,
2021-10-24,Films (English),10,Hotel Transylvania 3: Summer Vacation,,3430000,,,4,False,
2021-10-17,Films (English),1,Venom,,20410000,,,2,False,
2021-10-17,Films (English),2,The Guilty,,12590000,,,3,False,
2021-10-17,Films (English),3,Security,,9470000,,,2,False,
2021-10-17,Films (English),4,My Little Pony: A New Generation,,8220000,,,4,False,
2021-10-17,Films (English),5,There's Someone Inside Your House,,7380000,,,2,False,
2021-10-17,Films (English),6,Pokémon the Movie: Secrets of the Jungle,,7300000,,,2,False,
2021-10-17,Films (English),7,Redemption,,5800000,,,1,False,
2021-10-17,Films (English),8,Titanic,,5000000,,,2,False,
2021-10-17,Films (English),9,Going in Style,,4950000,,,1,False,
2021-10-17,Films (English),10,Knight and Day,,4770000,,,1,False,
2021-10-10,Films (English),1,The Guilty,,42280000,,,2,False,
2021-10-10,Films (English),2,There's Someone Inside Your House,,20480000,,,1,False,
2021-10-10,Films (English),3,Venom,,13920000,,,1,False,
2021-10-10,Films (English),4,My Little Pony: A New Generation,,13370000,,,3,False,
2021-10-10,Films (English),5,Titanic,,10270000,,,1,False,
2021-10-10,Films (English),6,Ride Along 2,,8030000,,,1,False,
2021-10-10,Films (English),7,Heat,,7650000,,,1,False,
2021-10-10,Films (English),8,Pokémon the Movie: Secrets of the Jungle,,7520000,,,1,False,
2021-10-10,Films (English),9,Mr. & Mrs. Smith,,7180000,,,1,False,
2021-10-10,Films (English),10,Security,,6830000,,,1,False,
2021-10-03,Films (English),1,The Guilty,,47600000,,,1,False,
2021-10-03,Films (English),2,My Little Pony: A New Generation,,24510000,,,2,False,
2021-10-03,Films (English),3,The Starling,,20130000,,,2,False,
2021-10-03,Films (English),4,No One Gets Out Alive,,17010000,,,1,False,
2021-10-03,Films (English),5,Britney Vs Spears,,16750000,,,1,False,
2021-10-03,Films (English),6,Intrusion,,12050000,,,2,False,
2021-10-03,Films (English),7,Grown Ups,,8130000,,,2,False,
2021-10-03,Films (English),8,Kate,,5680000,,,4,False,
2021-10-03,Films (English),9,Man on Fire,,4960000,,,3,False,
2021-10-03,Films (English),10,Vivo,,4160000,,,7,False,
2021-09-26,Films (English),1,Intrusion,,30040000,,,1,False,
2021-09-26,Films (English),2,The Starling,,16670000,,,1,False,
2021-09-26,Films (English),3,My Little Pony: A New Generation,,15510000,,,1,False,
2021-09-26,Films (English),4,Man on Fire,,12590000,,,2,False,
2021-09-26,Films (English),5,Kate,,11280000,,,3,False,
2021-09-26,Films (English),6,Grown Ups,,9250000,,,1,False,
2021-09-26,Films (English),7,Schumacher,,8040000,,,2,False,
2021-09-26,Films (English),8,Safe House,,6930000,,,2,False,
2021-09-26,Films (English),9,Nightbooks,,6790000,,,2,False,
2021-09-26,Films (English),10,The Marksman,,5210000,,,2,False,
2021-09-19,Films (English),1,Kate,,37400000,,,2,False,
2021-09-19,Films (English),2,Schumacher,,17290000,,,1,False,
2021-09-19,Films (English),3,Man on Fire,,16160000,,,1,False,
2021-09-19,Films (English),4,The Marksman,,14680000,,,1,False,
2021-09-19,Films (English),5,Nightbooks,,13160000,,,1,False,
2021-09-19,Films (English),6,The Equalizer 2,,12310000,,,1,False,
2021-09-19,Films (English),7,Firedrake the Silver Dragon,,9650000,,,1,False,
2021-09-19,Films (English),8,Safe House,,9060000,,,1,False,
2021-09-19,Films (English),9,Afterlife of the Party,,8100000,,,3,False,
2021-09-19,Films (English),10,First Kill,,6950000,,,1,False,
2021-09-12,Films (English),1,Kate,,38780000,,,1,False,
2021-09-12,Films (English),2,Afterlife of the Party,,23790000,,,2,False,
2021-09-12,Films (English),3,Worth,,13560000,,,2,False,
2021-09-12,Films (English),4,He's All That,,10930000,,,3,False,
2021-09-12,Films (English),5,SAS: Rise of the Black Swan,,9930000,,,3,False,
2021-09-12,Films (English),6,In Time,,8930000,,,1,False,
2021-09-12,Films (English),7,Noah,,7770000,,,1,False,
2021-09-12,Films (English),8,Vivo,,6960000,,,6,False,
2021-09-12,Films (English),9,Sweet Girl,,6570000,,,4,False,
2021-09-12,Films (English),10,Monte Carlo,,6200000,,,1,False,
2021-09-05,Films (English),1,He's All That,,36730000,,,2,False,
2021-09-05,Films (English),2,SAS: Rise of the Black Swan,,32730000,,,2,False,
2021-09-05,Films (English),3,Afterlife of the Party,,26710000,,,1,False,
2021-09-05,Films (English),4,Sweet Girl,,13390000,,,3,False,
2021-09-05,Films (English),5,Vivo,,9380000,,,5,False,
2021-09-05,Films (English),6,The Loud House Movie,,6640000,,,3,False,
2021-09-05,Films (English),7,Worth,,6480000,,,1,False,
2021-09-05,Films (English),8,The Secret Life of Pets,,6450000,,,3,False,
2021-09-05,Films (English),9,Welcome Home Roscoe Jenkins,,6270000,,,1,False,
2021-09-05,Films (English),10,Green Lantern,,6230000,,,1,False,
2021-08-29,Films (English),1,Sweet Girl,,48140000,,,2,False,
2021-08-29,Films (English),2,He's All That,,42810000,,,1,False,
2021-08-29,Films (English),3,SAS: Rise of the Black Swan,,35650000,,,1,False,
2021-08-29,Films (English),4,The Loud House Movie,,16910000,,,2,False,
2021-08-29,Films (English),5,The Old Ways,,13720000,,,1,False,
2021-08-29,Films (English),6,Vivo,,13430000,,,4,False,
2021-08-29,Films (English),7,The Witcher: Nightmare of the Wolf,,13300000,,,1,False,
2021-08-29,Films (English),8,The Secret Life of Pets,,10860000,,,2,False,
2021-08-29,Films (English),9,The Kissing Booth 3,,9560000,,,3,False,
2021-08-29,Films (English),10,Tomb Raider,,8430000,,,1,False,
2021-08-22,Films (English),1,Sweet Girl,,57160000,,,1,False,
2021-08-22,Films (English),2,The Kissing Booth 3,,26170000,,,2,False,
2021-08-22,Films (English),3,Beckett,,23870000,,,2,False,
2021-08-22,Films (English),4,Vivo,,21960000,,,3,False,
2021-08-22,Films (English),5,The Loud House Movie,,13860000,,,1,False,
2021-08-22,Films (English),6,The Secret Life of Pets,,10110000,,,1,False,
2021-08-22,Films (English),7,Hotel Transylvania 3: Summer Vacation,,8550000,,,3,False,
2021-08-22,Films (English),8,The Girl Next Door,,6900000,,,1,False,
2021-08-22,Films (English),9,Alvin and the Chipmunks: Chipwrecked,,6870000,,,1,False,
2021-08-22,Films (English),10,Resort to Love,,6320000,,,4,False,
2021-08-15,Films (English),1,The Kissing Booth 3,,90860000,,,1,False,
2021-08-15,Films (English),2,Vivo,,37050000,,,2,False,
2021-08-15,Films (English),3,Beckett,,23580000,,,1,False,
2021-08-15,Films (English),4,Hotel Transylvania 3: Summer Vacation,,21460000,,,2,False,
2021-08-15,Films (English),5,Aftermath,,15870000,,,2,False,
2021-08-15,Films (English),6,Resort to Love,,9860000,,,3,False,
2021-08-15,Films (English),7,The Kissing Booth,,8590000,,,1,False,
2021-08-15,Films (English),8,The Kissing Booth 2,,8370000,,,1,False,
2021-08-15,Films (English),9,Dead Man Down,,7580000,,,2,False,
2021-08-15,Films (English),10,Untold: Malice at the Palace,,6450000,,,1,False,
2021-08-08,Films (English),1,Aftermath,,24200000,,,1,False,
2021-08-08,Films (English),2,Resort to Love,,23480000,,,2,False,
2021-08-08,Films (English),3,Vivo,,21940000,,,1,False,
2021-08-08,Films (English),4,The Vault,,10870000,,,1,False,
2021-08-08,Films (English),5,The Losers,,8040000,,,1,False,
2021-08-08,Films (English),6,The Last Letter From Your Lover,,6850000,,,3,False,
2021-08-08,Films (English),7,Hotel Transylvania 3: Summer Vacation,,6250000,,,1,False,
2021-08-08,Films (English),8,Dead Man Down,,5840000,,,1,False,
2021-08-08,Films (English),9,Wish Dragon,,5150000,,,5,False,
2021-08-08,Films (English),10,World Trade Center,,5050000,,,1,False,
2021-08-01,Films (English),1,Resort to Love,,28050000,,,1,False,
2021-08-01,Films (English),2,The Last Letter From Your Lover,,18890000,,,2,False,
2021-08-01,Films (English),3,Trollhunters: Rise of the Titans,,8960000,,,2,False,
2021-08-01,Films (English),4,Fear Street Part 1: 1994,,6570000,,,5,False,
2021-08-01,Films (English),5,Wish Dragon,,6290000,,,4,False,
2021-08-01,Films (English),6,Fear Street Part 3: 1666,,6190000,,,3,False,
2021-08-01,Films (English),7,Twilight,,5840000,,,3,False,
2021-08-01,Films (English),8,Fear Street Part 2: 1978,,5840000,,,4,False,
2021-08-01,Films (English),9,The Twilight Saga: Breaking Dawn: Part 2,,5200000,,,2,False,
2021-08-01,Films (English),10,The Twilight Saga: New Moon,,5030000,,,2,False,
2021-07-25,Films (English),1,Trollhunters: Rise of the Titans,,16130000,,,1,False,
2021-07-25,Films (English),2,The Last Letter From Your Lover,,13140000,,,1,False,
2021-07-25,Films (English),3,Twilight,,12550000,,,2,False,
2021-07-25,Films (English),4,Fear Street Part 3: 1666,,12350000,,,2,False,
2021-07-25,Films (English),5,The Twilight Saga: New Moon,,10320000,,,1,False,
2021-07-25,Films (English),6,Fear Street Part 1: 1994,,9240000,,,4,False,
2021-07-25,Films (English),7,The Twilight Saga: Breaking Dawn: Part 2,,9240000,,,1,False,
2021-07-25,Films (English),8,The Twilight Saga: Eclipse,,9220000,,,1,False,
2021-07-25,Films (English),9,Fear Street Part 2: 1978,,9100000,,,3,False,
2021-07-25,Films (English),10,The Twilight Saga: Breaking Dawn: Part 1,,8250000,,,1,False,
2021-07-18,Films (English),1,Fear Street Part 3: 1666,,20080000,,,1,False,
2021-07-18,Films (English),2,Fear Street Part 2: 1978,,16820000,,,2,False,
2021-07-18,Films (English),3,Fear Street Part 1: 1994,,14370000,,,3,False,
2021-07-18,Films (English),4,Gunpowder Milkshake,,11770000,,,1,False,
2021-07-18,Films (English),5,The Water Man,,11630000,,,1,False,
2021-07-18,Films (English),6,This Little Love of Mine,,8810000,,,2,False,
2021-07-18,Films (English),7,Wish Dragon,,8550000,,,3,False,
2021-07-18,Films (English),8,Fatherhood,,7790000,,,3,False,
2021-07-18,Films (English),9,Twilight,,7640000,,,1,False,
2021-07-18,Films (English),10,Rust Creek,,6560000,,,1,False,
2021-07-11,Films (English),1,Fear Street Part 1: 1994,,19550000,,,2,False,
2021-07-11,Films (English),2,Fear Street Part 2: 1978,,16060000,,,1,False,
2021-07-11,Films (English),3,Fatherhood,,12830000,,,2,False,
2021-07-11,Films (English),4,Warcraft,,10990000,,,2,False,
2021-07-11,Films (English),5,Wish Dragon,,10590000,,,2,False,
2021-07-11,Films (English),6,This Little Love of Mine,,9390000,,,1,False,
2021-07-11,Films (English),7,Mother's Day,,9200000,,,1,False,
2021-07-11,Films (English),8,How to Train Your Dragon: The Hidden World,,9030000,,,1,False,
2021-07-11,Films (English),9,Kung Fu Panda 3,,8870000,,,2,False,
2021-07-11,Films (English),10,The Huntsman: Winter's War,,7460000,,,1,False,
2021-07-04,Films (English),1,Fatherhood,,25680000,,,1,False,
2021-07-04,Films (English),2,Fear Street Part 1: 1994,,16620000,,,1,False,
2021-07-04,Films (English),3,Wish Dragon,,15260000,,,1,False,
2021-07-04,Films (English),4,The Ice Road,,13690000,,,1,False,
2021-07-04,Films (English),5,Good on Paper,,10580000,,,1,False,
2021-07-04,Films (English),6,Kung Fu Panda 3,,7690000,,,1,False,
2021-07-04,Films (English),7,Warcraft,,7650000,,,1,False,
2021-07-04,Films (English),8,Fatale,,6460000,,,1,False,
2021-07-04,Films (English),9,Skylines,,6130000,,,1,False,
2021-07-04,Films (English),10,The Mitchells vs. The Machines,,4890000,,,1,False,
