row_id,movie_name,rating,votes,meta_score,genre0,genre1,genre2,genre3,pr_rating,year,duration,cast0,cast1,cast2,cast3,cast4,director,number_rating,weekly_rank,weekly_hours_viewed,weekly_views,cumulative_weeks_in_top_10
0,Leave the World Behind,6.5,90000.0,67.0,"Drama, Mystery, Thriller",Drama, Mystery, Thriller,R,2023,2.3,"Julia Roberts, Mahershala Ali, Ethan Hawke, Myha''la",Julia Roberts, Mahershala Ali, Ethan Hawke, Myha'la,Sam Esmail,4.0,1.0,106200000.0,44900000.0,2.0
27,Chicken Run: Dawn of the Nugget,6.5,6300.0,63.0,"Animation, Adventure, Comedy",Animation, Adventure, Comedy,PG,2023,1.683,"Thandiwe Newton, Zachary Levi, Bella Ramsey, Imelda Staunton",Thandiwe Newton, Zachary Levi, Bella Ramsey, Imelda Staunton,Sam Fell,2.0,2.0,20300000.0,11900000.0,1.0
23,Leo,7.0,21000.0,65.0,"Animation, Comedy, Family",Animation, Comedy, Family,PG,2023,1.7,"Adam Sandler, Bill Burr, Cecily Strong, Jason Alexander",Adam Sandler, Bill Burr, Cecily Strong, Jason Alexander,Robert MarianettiRobert SmigelDavid Wachtenheim,2.0,3.0,16800000.0,9400000.0,4.0
30,The Super Mario Bros. Movie,7.0,213000.0,46.0,"Animation, Adventure, Comedy",Animation, Adventure, Comedy,PG,2023,1.533,"Chris Pratt, Anya Taylor-Joy, Charlie Day, Jack Black",Chris Pratt, Anya Taylor-Joy, Charlie Day, Jack Black,Aaron HorvathMichael JelenicPierre Leduc,2.0,5.0,13700000.0,8900000.0,3.0
92,Underwater,5.9,93000.0,48.0,"Action, Horror, Sci-Fi",Action, Horror, Sci-Fi,PG-13,2020,1.583,"Kristen Stewart, Vincent Cassel, Mamoudou Athie, T.J. Miller",Kristen Stewart, Vincent Cassel, Mamoudou Athie, T.J. Miller,William Eubank,3.0,6.0,9200000.0,5800000.0,1.0
428,Old,5.8,154000.0,55.0,"Drama, Horror, Mystery",Drama, Horror, Mystery,PG-13,2021,1.8,"Gael García Bernal, Vicky Krieps, Rufus Sewell, Alex Wolff",Gael García Bernal, Vicky Krieps, Rufus Sewell, Alex Wolff,M. Night Shyamalan,3.0,7.0,10000000.0,5600000.0,1.0
0,Leave the World Behind,6.5,90000.0,67.0,"Drama, Mystery, Thriller",Drama, Mystery, Thriller,R,2023,2.3,"Julia Roberts, Mahershala Ali, Ethan Hawke, Myha''la",Julia Roberts, Mahershala Ali, Ethan Hawke, Myha'la,Sam Esmail,4.0,1.0,98700000.0,41700000.0,1.0
23,Leo,7.0,21000.0,65.0,"Animation, Comedy, Family",Animation, Comedy, Family,PG,2023,1.7,"Adam Sandler, Bill Burr, Cecily Strong, Jason Alexander",Adam Sandler, Bill Burr, Cecily Strong, Jason Alexander,Robert MarianettiRobert SmigelDavid Wachtenheim,2.0,3.0,25400000.0,14200000.0,3.0
30,The Super Mario Bros. Movie,7.0,213000.0,46.0,"Animation, Adventure, Comedy",Animation, Adventure, Comedy,PG,2023,1.533,"Chris Pratt, Anya Taylor-Joy, Charlie Day, Jack Black",Chris Pratt, Anya Taylor-Joy, Charlie Day, Jack Black,Aaron HorvathMichael JelenicPierre Leduc,2.0,4.0,20300000.0,13200000.0,2.0
357,Nobody,7.4,312000.0,64.0,"Action, Crime, Drama",Action, Crime, Drama,R,2021,1.533,"Bob Odenkirk, Aleksey Serebryakov, Connie Nielsen, Christopher Lloyd",Bob Odenkirk, Aleksey Serebryakov, Connie Nielsen, Christopher Lloyd,Ilya Naishuller,4.0,6.0,10600000.0,6900000.0,1.0
355,The Fast and the Furious,6.8,412000.0,58.0,"Action, Crime, Thriller",Action, Crime, Thriller,PG-13,2001,1.767,"Vin Diesel, Paul Walker, Michelle Rodriguez, Jordana Brewster",Vin Diesel, Paul Walker, Michelle Rodriguez, Jordana Brewster,Rob Cohen,3.0,8.0,11200000.0,6300000.0,1.0
1358,The Fate of the Furious,6.6,249000.0,56.0,"Action, Crime, Thriller",Action, Crime, Thriller,PG-13,2017,2.267,"Vin Diesel, Jason Statham, Dwayne Johnson, Michelle Rodriguez",Vin Diesel, Jason Statham, Dwayne Johnson, Michelle Rodriguez,F. Gary Gray,3.0,9.0,13700000.0,6000000.0,1.0
23,Leo,7.0,21000.0,65.0,"Animation, Comedy, Family",Animation, Comedy, Family,PG,2023,1.7,"Adam Sandler, Bill Burr, Cecily Strong, Jason Alexander",Adam Sandler, Bill Burr, Cecily Strong, Jason Alexander,Robert MarianettiRobert SmigelDavid Wachtenheim,2.0,1.0,42100000.0,23600000.0,2.0
1333,Sonic the Hedgehog 2,6.5,83000.0,47.0,"Action, Adventure, Comedy",Action, Adventure, Comedy,PG,2022,2.033,"James Marsden, Jim Carrey, Ben Schwartz, Tika Sumpter",James Marsden, Jim Carrey, Ben Schwartz, Tika Sumpter,Jeff Fowler,2.0,5.0,8200000.0,4000000.0,1.0
29,The Killer,6.8,140000.0,73.0,"Action, Adventure, Crime",Action, Adventure, Crime,R,2023,1.967,"Michael Fassbender, Tilda Swinton, Charles Parnell, Arliss Howard",Michael Fassbender, Tilda Swinton, Charles Parnell, Arliss Howard,David Fincher,4.0,7.0,7100000.0,3600000.0,4.0
30,The Super Mario Bros. Movie,7.0,213000.0,46.0,"Animation, Adventure, Comedy",Animation, Adventure, Comedy,PG,2023,1.533,"Chris Pratt, Anya Taylor-Joy, Charlie Day, Jack Black",Chris Pratt, Anya Taylor-Joy, Charlie Day, Jack Black,Aaron HorvathMichael JelenicPierre Leduc,2.0,9.0,4800000.0,3100000.0,1.0
135,The Christmas Chronicles,7.0,81000.0,52.0,"Adventure, Comedy, Family",Adventure, Comedy, Family,PG,2018,1.733,"Kurt Russell, Darby Camp, Judah Lewis, Oliver Hudson",Kurt Russell, Darby Camp, Judah Lewis, Oliver Hudson,Clay Kaytis,2.0,10.0,5300000.0,3000000.0,7.0
23,Leo,7.0,21000.0,65.0,"Animation, Comedy, Family",Animation, Comedy, Family,PG,2023,1.7,"Adam Sandler, Bill Burr, Cecily Strong, Jason Alexander",Adam Sandler, Bill Burr, Cecily Strong, Jason Alexander,Robert MarianettiRobert SmigelDavid Wachtenheim,2.0,1.0,61700000.0,34600000.0,1.0
29,The Killer,6.8,140000.0,73.0,"Action, Adventure, Crime",Action, Adventure, Crime,R,2023,1.967,"Michael Fassbender, Tilda Swinton, Charles Parnell, Arliss Howard",Michael Fassbender, Tilda Swinton, Charles Parnell, Arliss Howard,David Fincher,4.0,3.0,17500000.0,8800000.0,3.0
805,Jules,6.8,7100.0,57.0,"Comedy, Drama, Sci-Fi",Comedy, Drama, Sci-Fi,PG-13,2023,1.45,"Ben Kingsley, Harriet Sansom Harris, Jane Curtin, Teddy Cañez",Ben Kingsley, Harriet Sansom Harris, Jane Curtin, Teddy Cañez,Marc Turtletaub,3.0,5.0,6700000.0,4600000.0,1.0
135,The Christmas Chronicles,7.0,81000.0,52.0,"Adventure, Comedy, Family",Adventure, Comedy, Family,PG,2018,1.733,"Kurt Russell, Darby Camp, Judah Lewis, Oliver Hudson",Kurt Russell, Darby Camp, Judah Lewis, Oliver Hudson,Clay Kaytis,2.0,7.0,5900000.0,3400000.0,6.0
993,Lone Survivor,7.5,303000.0,60.0,"Action, Biography, Drama",Action, Biography, Drama,R,2013,2.017,"Mark Wahlberg, Taylor Kitsch, Emile Hirsch, Ben Foster",Mark Wahlberg, Taylor Kitsch, Emile Hirsch, Ben Foster,Peter Berg,4.0,9.0,5500000.0,2700000.0,2.0
29,The Killer,6.8,140000.0,73.0,"Action, Adventure, Crime",Action, Adventure, Crime,R,2023,1.967,"Michael Fassbender, Tilda Swinton, Charles Parnell, Arliss Howard",Michael Fassbender, Tilda Swinton, Charles Parnell, Arliss Howard,David Fincher,4.0,1.0,44500000.0,22300000.0,2.0
668,F9: The Fast Saga,5.2,158000.0,58.0,"Action, Crime, Thriller",Action, Crime, Thriller,PG-13,2021,2.383,"Vin Diesel, Michelle Rodriguez, Jordana Brewster, Tyrese Gibson",Vin Diesel, Michelle Rodriguez, Jordana Brewster, Tyrese Gibson,Justin Lin,3.0,5.0,10200000.0,4300000.0,4.0
993,Lone Survivor,7.5,303000.0,60.0,"Action, Biography, Drama",Action, Biography, Drama,R,2013,2.017,"Mark Wahlberg, Taylor Kitsch, Emile Hirsch, Ben Foster",Mark Wahlberg, Taylor Kitsch, Emile Hirsch, Ben Foster,Peter Berg,4.0,6.0,8000000.0,4000000.0,1.0
1383,Cold Pursuit,6.2,76000.0,57.0,"Action, Comedy, Crime",Action, Comedy, Crime,R,2019,1.983,"Liam Neeson, Laura Dern, Micheál Neeson, Michael Eklund",Liam Neeson, Laura Dern, Micheál Neeson, Michael Eklund,Hans Petter Moland,4.0,7.0,5900000.0,3000000.0,4.0
29,The Killer,6.8,140000.0,73.0,"Action, Adventure, Crime",Action, Adventure, Crime,R,2023,1.967,"Michael Fassbender, Tilda Swinton, Charles Parnell, Arliss Howard",Michael Fassbender, Tilda Swinton, Charles Parnell, Arliss Howard,David Fincher,4.0,1.0,55700000.0,27900000.0,1.0
668,F9: The Fast Saga,5.2,158000.0,58.0,"Action, Crime, Thriller",Action, Crime, Thriller,PG-13,2021,2.383,"Vin Diesel, Michelle Rodriguez, Jordana Brewster, Tyrese Gibson",Vin Diesel, Michelle Rodriguez, Jordana Brewster, Tyrese Gibson,Justin Lin,3.0,3.0,24900000.0,10400000.0,3.0
59,Spider-Man: Across the Spider-Verse,8.6,314000.0,86.0,"Animation, Action, Adventure",Animation, Action, Adventure,PG,2023,2.333,"Shameik Moore, Hailee Steinfeld, Brian Tyree Henry, Luna Lauren Velez",Shameik Moore, Hailee Steinfeld, Brian Tyree Henry, Luna Lauren Velez,Joaquim Dos SantosKemp PowersJustin K. Thompson,2.0,7.0,10200000.0,4400000.0,2.0
1383,Cold Pursuit,6.2,76000.0,57.0,"Action, Comedy, Crime",Action, Comedy, Crime,R,2019,1.983,"Liam Neeson, Laura Dern, Micheál Neeson, Michael Eklund",Liam Neeson, Laura Dern, Micheál Neeson, Michael Eklund,Hans Petter Moland,4.0,10.0,6700000.0,3400000.0,3.0
1383,Cold Pursuit,6.2,76000.0,57.0,"Action, Comedy, Crime",Action, Comedy, Crime,R,2019,1.983,"Liam Neeson, Laura Dern, Micheál Neeson, Michael Eklund",Liam Neeson, Laura Dern, Micheál Neeson, Michael Eklund,Hans Petter Moland,4.0,3.0,17300000.0,8800000.0,2.0
59,Spider-Man: Across the Spider-Verse,8.6,314000.0,86.0,"Animation, Action, Adventure",Animation, Action, Adventure,PG,2023,2.333,"Shameik Moore, Hailee Steinfeld, Brian Tyree Henry, Luna Lauren Velez",Shameik Moore, Hailee Steinfeld, Brian Tyree Henry, Luna Lauren Velez,Joaquim Dos SantosKemp PowersJustin K. Thompson,2.0,4.0,20100000.0,8600000.0,1.0
1383,Cold Pursuit,6.2,76000.0,57.0,"Action, Comedy, Crime",Action, Comedy, Crime,R,2019,1.983,"Liam Neeson, Laura Dern, Micheál Neeson, Michael Eklund",Liam Neeson, Laura Dern, Micheál Neeson, Michael Eklund,Hans Petter Moland,4.0,4.0,13200000.0,6700000.0,1.0
85,Reptile,6.8,73000.0,52.0,"Crime, Drama, Mystery",Crime, Drama, Mystery,R,2023,2.233,"Benicio Del Toro, Justin Timberlake, Eric Bogosian, Alicia Silverstone",Benicio Del Toro, Justin Timberlake, Eric Bogosian, Alicia Silverstone,Grant Singer,4.0,7.0,7900000.0,3500000.0,5.0
85,Reptile,6.8,73000.0,52.0,"Crime, Drama, Mystery",Crime, Drama, Mystery,R,2023,2.233,"Benicio Del Toro, Justin Timberlake, Eric Bogosian, Alicia Silverstone",Benicio Del Toro, Justin Timberlake, Eric Bogosian, Alicia Silverstone,Grant Singer,4.0,4.0,15800000.0,7000000.0,4.0
161,Fair Play,6.4,30000.0,73.0,"Drama, Mystery, Thriller",Drama, Mystery, Thriller,R,2023,1.883,"Phoebe Dynevor, Alden Ehrenreich, Eddie Marsan, Rich Sommer",Phoebe Dynevor, Alden Ehrenreich, Eddie Marsan, Rich Sommer,Chloe Domont,4.0,6.0,7300000.0,3800000.0,3.0
1868,Spy Kids,5.6,125000.0,71.0,"Action, Adventure, Comedy",Action, Adventure, Comedy,PG,2001,1.467,"Alexa PenaVega, Daryl Sabara, Antonio Banderas, Carla Gugino",Alexa PenaVega, Daryl Sabara, Antonio Banderas, Carla Gugino,Robert Rodriguez,2.0,9.0,5400000.0,3700000.0,1.0
85,Reptile,6.8,73000.0,52.0,"Crime, Drama, Mystery",Crime, Drama, Mystery,R,2023,2.233,"Benicio Del Toro, Justin Timberlake, Eric Bogosian, Alicia Silverstone",Benicio Del Toro, Justin Timberlake, Eric Bogosian, Alicia Silverstone,Grant Singer,4.0,1.0,32300000.0,14200000.0,3.0
161,Fair Play,6.4,30000.0,73.0,"Drama, Mystery, Thriller",Drama, Mystery, Thriller,R,2023,1.883,"Phoebe Dynevor, Alden Ehrenreich, Eddie Marsan, Rich Sommer",Phoebe Dynevor, Alden Ehrenreich, Eddie Marsan, Rich Sommer,Chloe Domont,4.0,2.0,26900000.0,14000000.0,2.0
1949,American Made,7.1,203000.0,65.0,"Action, Comedy, Crime",Action, Comedy, Crime,R,2017,1.917,"Tom Cruise, Domhnall Gleeson, Sarah Wright, Jesse Plemons",Tom Cruise, Domhnall Gleeson, Sarah Wright, Jesse Plemons,Doug Liman,4.0,4.0,9300000.0,4900000.0,1.0
1500,Ma,5.6,59000.0,53.0,"Horror, Mystery, Thriller",Horror, Mystery, Thriller,R,2019,1.65,"Octavia Spencer, Diana Silvers, Juliette Lewis, McKaley Miller",Octavia Spencer, Diana Silvers, Juliette Lewis, McKaley Miller,Tate Taylor,4.0,6.0,5800000.0,3500000.0,1.0
1590,Casper,6.2,145000.0,49.0,"Comedy, Family, Fantasy",Comedy, Family, Fantasy,PG,1995,1.667,"Bill Pullman, Christina Ricci, Cathy Moriarty, Eric Idle",Bill Pullman, Christina Ricci, Cathy Moriarty, Eric Idle,Brad Silberling,2.0,7.0,5400000.0,3200000.0,1.0
509,The Lost City,6.1,148000.0,60.0,"Action, Adventure, Comedy",Action, Adventure, Comedy,PG-13,2022,1.867,"Sandra Bullock, Channing Tatum, Daniel Radcliffe, Da''Vine Joy Randolph",Sandra Bullock, Channing Tatum, Daniel Radcliffe, Da'Vine Joy Randolph,Aaron NeeAdam Nee,3.0,9.0,5800000.0,3100000.0,1.0
300,Get Out,7.8,674000.0,85.0,"Horror, Mystery, Thriller",Horror, Mystery, Thriller,R,2017,1.733,"Daniel Kaluuya, Allison Williams, Bradley Whitford, Catherine Keener",Daniel Kaluuya, Allison Williams, Bradley Whitford, Catherine Keener,Jordan Peele,4.0,10.0,5300000.0,3100000.0,2.0
85,Reptile,6.8,73000.0,52.0,"Crime, Drama, Mystery",Crime, Drama, Mystery,R,2023,2.233,"Benicio Del Toro, Justin Timberlake, Eric Bogosian, Alicia Silverstone",Benicio Del Toro, Justin Timberlake, Eric Bogosian, Alicia Silverstone,Grant Singer,4.0,1.0,45100000.0,19900000.0,2.0
161,Fair Play,6.4,30000.0,73.0,"Drama, Mystery, Thriller",Drama, Mystery, Thriller,R,2023,1.883,"Phoebe Dynevor, Alden Ehrenreich, Eddie Marsan, Rich Sommer",Phoebe Dynevor, Alden Ehrenreich, Eddie Marsan, Rich Sommer,Chloe Domont,4.0,2.0,24200000.0,12600000.0,1.0
1529,Infinite,5.5,59000.0,28.0,"Action, Sci-Fi, Thriller",Action, Sci-Fi, Thriller,PG-13,2021,1.767,"Mark Wahlberg, Chiwetel Ejiofor, Sophie Cookson, Dylan O''Brien",Mark Wahlberg, Chiwetel Ejiofor, Sophie Cookson, Dylan O'Brien,Antoine Fuqua,3.0,5.0,8600000.0,4900000.0,1.0
85,Reptile,6.8,73000.0,52.0,"Crime, Drama, Mystery",Crime, Drama, Mystery,R,2023,2.233,"Benicio Del Toro, Justin Timberlake, Eric Bogosian, Alicia Silverstone",Benicio Del Toro, Justin Timberlake, Eric Bogosian, Alicia Silverstone,Grant Singer,4.0,1.0,40200000.0,17700000.0,1.0
671,In Time,6.7,438000.0,53.0,"Action, Sci-Fi, Thriller",Action, Sci-Fi, Thriller,PG-13,2011,1.817,"Justin Timberlake, Amanda Seyfried, Cillian Murphy, Olivia Wilde",Justin Timberlake, Amanda Seyfried, Cillian Murphy, Olivia Wilde,Andrew Niccol,3.0,9.0,5400000.0,3000000.0,3.0
671,In Time,6.7,438000.0,53.0,"Action, Sci-Fi, Thriller",Action, Sci-Fi, Thriller,PG-13,2011,1.817,"Justin Timberlake, Amanda Seyfried, Cillian Murphy, Olivia Wilde",Justin Timberlake, Amanda Seyfried, Cillian Murphy, Olivia Wilde,Andrew Niccol,3.0,3.0,10400000.0,5700000.0,2.0
89,The Wolf of Wall Street,8.2,1500000.0,75.0,"Biography, Comedy, Crime",Biography, Comedy, Crime,R,2013,3.0,"Leonardo DiCaprio, Jonah Hill, Margot Robbie, Matthew McConaughey",Leonardo DiCaprio, Jonah Hill, Margot Robbie, Matthew McConaughey,Martin Scorsese,4.0,6.0,9700000.0,3200000.0,1.0
1332,Fifty Shades Freed,4.5,72000.0,31.0,"Drama, Romance, Thriller",Drama, Romance, Thriller,R,2018,1.75,"Dakota Johnson, Jamie Dornan, Eric Johnson, Eloise Mumford",Dakota Johnson, Jamie Dornan, Eric Johnson, Eloise Mumford,James Foley,4.0,5.0,5900000.0,3400000.0,1.0
1219,Jack Reacher: Never Go Back,6.1,171000.0,47.0,"Action, Crime, Drama",Action, Crime, Drama,PG-13,2016,1.967,"Tom Cruise, Cobie Smulders, Aldis Hodge, Robert Knepper",Tom Cruise, Cobie Smulders, Aldis Hodge, Robert Knepper,Edward Zwick,3.0,10.0,5200000.0,2600000.0,3.0
1509,Predators,6.4,241000.0,51.0,"Action, Adventure, Fantasy",Action, Adventure, Fantasy,R,2010,1.783,"Adrien Brody, Laurence Fishburne, Topher Grace, Alice Braga",Adrien Brody, Laurence Fishburne, Topher Grace, Alice Braga,Nimród Antal,4.0,10.0,6500000.0,1700000.0,2.0
837,Love Again,5.9,11000.0,32.0,"Comedy, Drama, Romance",Comedy, Drama, Romance,PG-13,2023,1.733,"Priyanka Chopra Jonas, Sam Heughan, Céline Dion, Sofia Barclay",Priyanka Chopra Jonas, Sam Heughan, Céline Dion, Sofia Barclay,Jim Strouse,3.0,7.0,6600000.0,3800000.0,2.0
1219,Jack Reacher: Never Go Back,6.1,171000.0,47.0,"Action, Crime, Drama",Action, Crime, Drama,PG-13,2016,1.967,"Tom Cruise, Cobie Smulders, Aldis Hodge, Robert Knepper",Tom Cruise, Cobie Smulders, Aldis Hodge, Robert Knepper,Edward Zwick,3.0,8.0,7400000.0,3800000.0,2.0
649,Heart of Stone,5.7,55000.0,44.0,"Action, Crime, Thriller",Action, Crime, Thriller,PG-13,2023,2.033,"Gal Gadot, Jamie Dornan, Alia Bhatt, Jing Lusi",Gal Gadot, Jamie Dornan, Alia Bhatt, Jing Lusi,Tom Harper,3.0,9.0,7300000.0,3500000.0,5.0
320,Jack Reacher,7.0,359000.0,50.0,"Action, Mystery, Thriller",Action, Mystery, Thriller,PG-13,2012,2.167,"Tom Cruise, Rosamund Pike, Richard Jenkins, Werner Herzog",Tom Cruise, Rosamund Pike, Richard Jenkins, Werner Herzog,Christopher McQuarrie,3.0,10.0,7500000.0,3500000.0,2.0
1509,Predators,6.4,241000.0,51.0,"Action, Adventure, Fantasy",Action, Adventure, Fantasy,R,2010,1.783,"Adrien Brody, Laurence Fishburne, Topher Grace, Alice Braga",Adrien Brody, Laurence Fishburne, Topher Grace, Alice Braga,Nimród Antal,4.0,7.0,10800000.0,2900000.0,1.0
649,Heart of Stone,5.7,55000.0,44.0,"Action, Crime, Thriller",Action, Crime, Thriller,PG-13,2023,2.033,"Gal Gadot, Jamie Dornan, Alia Bhatt, Jing Lusi",Gal Gadot, Jamie Dornan, Alia Bhatt, Jing Lusi,Tom Harper,3.0,3.0,13700000.0,6500000.0,4.0
837,Love Again,5.9,11000.0,32.0,"Comedy, Drama, Romance",Comedy, Drama, Romance,PG-13,2023,1.733,"Priyanka Chopra Jonas, Sam Heughan, Céline Dion, Sofia Barclay",Priyanka Chopra Jonas, Sam Heughan, Céline Dion, Sofia Barclay,Jim Strouse,3.0,8.0,5100000.0,2900000.0,1.0
649,Heart of Stone,5.7,55000.0,44.0,"Action, Crime, Thriller",Action, Crime, Thriller,PG-13,2023,2.033,"Gal Gadot, Jamie Dornan, Alia Bhatt, Jing Lusi",Gal Gadot, Jamie Dornan, Alia Bhatt, Jing Lusi,Tom Harper,3.0,2.0,28500000.0,13600000.0,3.0
1625,Jurassic World: Fallen Kingdom,6.1,337000.0,51.0,"Action, Adventure, Sci-Fi",Action, Adventure, Sci-Fi,PG-13,2018,2.133,"Chris Pratt, Bryce Dallas Howard, Rafe Spall, Justice Smith",Chris Pratt, Bryce Dallas Howard, Rafe Spall, Justice Smith,J.A. Bayona,3.0,6.0,10100000.0,4700000.0,1.0
1436,Madagascar,6.9,429000.0,57.0,"Animation, Adventure, Comedy",Animation, Adventure, Comedy,PG,2005,1.433,"Chris Rock, Ben Stiller, David Schwimmer, Jada Pinkett Smith",Chris Rock, Ben Stiller, David Schwimmer, Jada Pinkett Smith,Eric DarnellTom McGrath,2.0,9.0,4800000.0,3300000.0,1.0
1411,Dora and the Lost City of Gold,6.1,34000.0,63.0,"Action, Adventure, Comedy",Action, Adventure, Comedy,PG,2019,1.7,"Isabela Merced, Eugenio Derbez, Michael Peña, Eva Longoria",Isabela Merced, Eugenio Derbez, Michael Peña, Eva Longoria,James Bobin,2.0,10.0,4900000.0,2900000.0,2.0
1927,The Lincoln Lawyer,7.3,251000.0,63.0,"Crime, Drama, Mystery",Crime, Drama, Mystery,R,2011,1.967,"Matthew McConaughey, Marisa Tomei, Ryan Phillippe, William H. Macy",Matthew McConaughey, Marisa Tomei, Ryan Phillippe, William H. Macy,Brad Furman,4.0,8.0,15300000.0,1900000.0,8.0
649,Heart of Stone,5.7,55000.0,44.0,"Action, Crime, Thriller",Action, Crime, Thriller,PG-13,2023,2.033,"Gal Gadot, Jamie Dornan, Alia Bhatt, Jing Lusi",Gal Gadot, Jamie Dornan, Alia Bhatt, Jing Lusi,Tom Harper,3.0,1.0,74000000.0,35200000.0,2.0
1927,The Lincoln Lawyer,7.3,251000.0,63.0,"Crime, Drama, Mystery",Crime, Drama, Mystery,R,2011,1.967,"Matthew McConaughey, Marisa Tomei, Ryan Phillippe, William H. Macy",Matthew McConaughey, Marisa Tomei, Ryan Phillippe, William H. Macy,Brad Furman,4.0,5.0,23500000.0,2900000.0,7.0
649,Heart of Stone,5.7,55000.0,44.0,"Action, Crime, Thriller",Action, Crime, Thriller,PG-13,2023,2.033,"Gal Gadot, Jamie Dornan, Alia Bhatt, Jing Lusi",Gal Gadot, Jamie Dornan, Alia Bhatt, Jing Lusi,Tom Harper,3.0,1.0,69600000.0,33100000.0,1.0
1927,The Lincoln Lawyer,7.3,251000.0,63.0,"Crime, Drama, Mystery",Crime, Drama, Mystery,R,2011,1.967,"Matthew McConaughey, Marisa Tomei, Ryan Phillippe, William H. Macy",Matthew McConaughey, Marisa Tomei, Ryan Phillippe, William H. Macy,Brad Furman,4.0,2.0,42400000.0,5200000.0,6.0
1927,The Lincoln Lawyer,7.3,251000.0,63.0,"Crime, Drama, Mystery",Crime, Drama, Mystery,R,2011,1.967,"Matthew McConaughey, Marisa Tomei, Ryan Phillippe, William H. Macy",Matthew McConaughey, Marisa Tomei, Ryan Phillippe, William H. Macy,Brad Furman,4.0,8.0,18300000.0,2200000.0,11.0
1106,They Cloned Tyrone,6.6,35000.0,74.0,"Comedy, Mystery, Sci-Fi",Comedy, Mystery, Sci-Fi,R,2023,2.033,"John Boyega, Jamie Foxx, Teyonah Parris, Kiefer Sutherland",John Boyega, Jamie Foxx, Teyonah Parris, Kiefer Sutherland,Juel Taylor,4.0,8.0,7500000.0,3600000.0,3.0
1927,The Lincoln Lawyer,7.3,251000.0,63.0,"Crime, Drama, Mystery",Crime, Drama, Mystery,R,2011,1.967,"Matthew McConaughey, Marisa Tomei, Ryan Phillippe, William H. Macy",Matthew McConaughey, Marisa Tomei, Ryan Phillippe, William H. Macy,Brad Furman,4.0,1.0,55200000.0,6700000.0,5.0
1927,The Lincoln Lawyer,7.3,251000.0,63.0,"Crime, Drama, Mystery",Crime, Drama, Mystery,R,2011,1.967,"Matthew McConaughey, Marisa Tomei, Ryan Phillippe, William H. Macy",Matthew McConaughey, Marisa Tomei, Ryan Phillippe, William H. Macy,Brad Furman,4.0,6.0,17300000.0,2100000.0,10.0
1106,They Cloned Tyrone,6.6,35000.0,74.0,"Comedy, Mystery, Sci-Fi",Comedy, Mystery, Sci-Fi,R,2023,2.033,"John Boyega, Jamie Foxx, Teyonah Parris, Kiefer Sutherland",John Boyega, Jamie Foxx, Teyonah Parris, Kiefer Sutherland,Juel Taylor,4.0,3.0,23000000.0,11100000.0,2.0
904,The Out-Laws,5.4,33000.0,36.0,"Action, Comedy, Crime",Action, Comedy, Crime,R,2023,1.583,"Adam Devine, Pierce Brosnan, Ellen Barkin, Nina Dobrev",Adam Devine, Pierce Brosnan, Ellen Barkin, Nina Dobrev,Tyler Spindel,4.0,6.0,8900000.0,5500000.0,4.0
493,Puss in Boots: The Last Wish,7.8,163000.0,73.0,"Animation, Adventure, Comedy",Animation, Adventure, Comedy,PG,2022,1.7,"Antonio Banderas, Salma Hayek, Harvey Guillén, Florence Pugh",Antonio Banderas, Salma Hayek, Harvey Guillén, Florence Pugh,Joel CrawfordJanuel Mercado,2.0,8.0,7200000.0,4200000.0,3.0
1927,The Lincoln Lawyer,7.3,251000.0,63.0,"Crime, Drama, Mystery",Crime, Drama, Mystery,R,2011,1.967,"Matthew McConaughey, Marisa Tomei, Ryan Phillippe, William H. Macy",Matthew McConaughey, Marisa Tomei, Ryan Phillippe, William H. Macy,Brad Furman,4.0,4.0,12600000.0,3000000.0,4.0
904,The Out-Laws,5.4,33000.0,36.0,"Action, Comedy, Crime",Action, Comedy, Crime,R,2023,1.583,"Adam Devine, Pierce Brosnan, Ellen Barkin, Nina Dobrev",Adam Devine, Pierce Brosnan, Ellen Barkin, Nina Dobrev,Tyler Spindel,4.0,1.0,19500000.0,12100000.0,3.0
1106,They Cloned Tyrone,6.6,35000.0,74.0,"Comedy, Mystery, Sci-Fi",Comedy, Mystery, Sci-Fi,R,2023,2.033,"John Boyega, Jamie Foxx, Teyonah Parris, Kiefer Sutherland",John Boyega, Jamie Foxx, Teyonah Parris, Kiefer Sutherland,Juel Taylor,4.0,3.0,13100000.0,6300000.0,1.0
493,Puss in Boots: The Last Wish,7.8,163000.0,73.0,"Animation, Adventure, Comedy",Animation, Adventure, Comedy,PG,2022,1.7,"Antonio Banderas, Salma Hayek, Harvey Guillén, Florence Pugh",Antonio Banderas, Salma Hayek, Harvey Guillén, Florence Pugh,Joel CrawfordJanuel Mercado,2.0,4.0,10600000.0,6200000.0,2.0
822,Man on Fire,7.7,383000.0,47.0,"Action, Crime, Drama",Action, Crime, Drama,R,2004,2.433,"Denzel Washington, Christopher Walken, Dakota Fanning, Radha Mitchell",Denzel Washington, Christopher Walken, Dakota Fanning, Radha Mitchell,Tony Scott,4.0,7.0,9400000.0,3900000.0,4.0
738,Nimona,7.6,36000.0,75.0,"Animation, Action, Adventure",Animation, Action, Adventure,PG,2023,1.683,"Chloë Grace Moretz, Riz Ahmed, Eugene Lee Yang, Frances Conroy",Chloë Grace Moretz, Riz Ahmed, Eugene Lee Yang, Frances Conroy,Nick BrunoTroy Quane,2.0,9.0,5900000.0,3400000.0,4.0
1927,The Lincoln Lawyer,7.3,251000.0,63.0,"Crime, Drama, Mystery",Crime, Drama, Mystery,R,2011,1.967,"Matthew McConaughey, Marisa Tomei, Ryan Phillippe, William H. Macy",Matthew McConaughey, Marisa Tomei, Ryan Phillippe, William H. Macy,Brad Furman,4.0,2.0,19400000.0,4600000.0,3.0
1927,The Lincoln Lawyer,7.3,251000.0,63.0,"Crime, Drama, Mystery",Crime, Drama, Mystery,R,2011,1.967,"Matthew McConaughey, Marisa Tomei, Ryan Phillippe, William H. Macy",Matthew McConaughey, Marisa Tomei, Ryan Phillippe, William H. Macy,Brad Furman,4.0,9.0,17800000.0,2100000.0,9.0
904,The Out-Laws,5.4,33000.0,36.0,"Action, Comedy, Crime",Action, Comedy, Crime,R,2023,1.583,"Adam Devine, Pierce Brosnan, Ellen Barkin, Nina Dobrev",Adam Devine, Pierce Brosnan, Ellen Barkin, Nina Dobrev,Tyler Spindel,4.0,1.0,46300000.0,28600000.0,2.0
401,65,5.4,81000.0,40.0,"Action, Adventure, Drama",Action, Adventure, Drama,PG-13,2023,1.55,"Adam Driver, Ariana Greenblatt, Chloe Coleman, Nika King",Adam Driver, Ariana Greenblatt, Chloe Coleman, Nika King,Scott BeckBryan Woods,3.0,2.0,10500000.0,6800000.0,1.0
493,Puss in Boots: The Last Wish,7.8,163000.0,73.0,"Animation, Adventure, Comedy",Animation, Adventure, Comedy,PG,2022,1.7,"Antonio Banderas, Salma Hayek, Harvey Guillén, Florence Pugh",Antonio Banderas, Salma Hayek, Harvey Guillén, Florence Pugh,Joel CrawfordJanuel Mercado,2.0,3.0,9400000.0,5500000.0,1.0
738,Nimona,7.6,36000.0,75.0,"Animation, Action, Adventure",Animation, Action, Adventure,PG,2023,1.683,"Chloë Grace Moretz, Riz Ahmed, Eugene Lee Yang, Frances Conroy",Chloë Grace Moretz, Riz Ahmed, Eugene Lee Yang, Frances Conroy,Nick BrunoTroy Quane,2.0,5.0,8000000.0,4700000.0,3.0
541,Sing,7.1,186000.0,59.0,"Animation, Comedy, Family",Animation, Comedy, Family,PG,2016,1.8,"Matthew McConaughey, Reese Witherspoon, Seth MacFarlane, Scarlett Johansson",Matthew McConaughey, Reese Witherspoon, Seth MacFarlane, Scarlett Johansson,Garth JenningsChristophe Lourdelet,2.0,6.0,6500000.0,3600000.0,9.0
1370,Mafia Mamma,5.4,8600.0,42.0,"Action, Comedy, Crime",Action, Comedy, Crime,R,2023,1.683,"Toni Collette, Monica Bellucci, Sophia Nomvete, Alessandro Bressanello",Toni Collette, Monica Bellucci, Sophia Nomvete, Alessandro Bressanello,Catherine Hardwicke,4.0,9.0,4700000.0,2800000.0,1.0
1927,The Lincoln Lawyer,7.3,251000.0,63.0,"Crime, Drama, Mystery",Crime, Drama, Mystery,R,2011,1.967,"Matthew McConaughey, Marisa Tomei, Ryan Phillippe, William H. Macy",Matthew McConaughey, Marisa Tomei, Ryan Phillippe, William H. Macy,Brad Furman,4.0,1.0,35300000.0,8300000.0,2.0
1927,The Lincoln Lawyer,7.3,251000.0,63.0,"Crime, Drama, Mystery",Crime, Drama, Mystery,R,2011,1.967,"Matthew McConaughey, Marisa Tomei, Ryan Phillippe, William H. Macy",Matthew McConaughey, Marisa Tomei, Ryan Phillippe, William H. Macy,Brad Furman,4.0,5.0,28300000.0,3400000.0,8.0
904,The Out-Laws,5.4,33000.0,36.0,"Action, Comedy, Crime",Action, Comedy, Crime,R,2023,1.583,"Adam Devine, Pierce Brosnan, Ellen Barkin, Nina Dobrev",Adam Devine, Pierce Brosnan, Ellen Barkin, Nina Dobrev,Tyler Spindel,4.0,1.0,31700000.0,19600000.0,1.0
738,Nimona,7.6,36000.0,75.0,"Animation, Action, Adventure",Animation, Action, Adventure,PG,2023,1.683,"Chloë Grace Moretz, Riz Ahmed, Eugene Lee Yang, Frances Conroy",Chloë Grace Moretz, Riz Ahmed, Eugene Lee Yang, Frances Conroy,Nick BrunoTroy Quane,2.0,3.0,11500000.0,6700000.0,2.0
1927,The Lincoln Lawyer,7.3,251000.0,63.0,"Crime, Drama, Mystery",Crime, Drama, Mystery,R,2011,1.967,"Matthew McConaughey, Marisa Tomei, Ryan Phillippe, William H. Macy",Matthew McConaughey, Marisa Tomei, Ryan Phillippe, William H. Macy,Brad Furman,4.0,2.0,31400000.0,7400000.0,1.0
1927,The Lincoln Lawyer,7.3,251000.0,63.0,"Crime, Drama, Mystery",Crime, Drama, Mystery,R,2011,1.967,"Matthew McConaughey, Marisa Tomei, Ryan Phillippe, William H. Macy",Matthew McConaughey, Marisa Tomei, Ryan Phillippe, William H. Macy,Brad Furman,4.0,9.0,19200000.0,2300000.0,7.0
738,Nimona,7.6,36000.0,75.0,"Animation, Action, Adventure",Animation, Action, Adventure,PG,2023,1.683,"Chloë Grace Moretz, Riz Ahmed, Eugene Lee Yang, Frances Conroy",Chloë Grace Moretz, Riz Ahmed, Eugene Lee Yang, Frances Conroy,Nick BrunoTroy Quane,2.0,9.0,5500000.0,3200000.0,1.0
300,Get Out,7.8,674000.0,85.0,"Horror, Mystery, Thriller",Horror, Mystery, Thriller,R,2017,1.733,"Daniel Kaluuya, Allison Williams, Bradley Whitford, Catherine Keener",Daniel Kaluuya, Allison Williams, Bradley Whitford, Catherine Keener,Jordan Peele,4.0,9.0,4100000.0,2400000.0,1.0
1497,Shooter,7.1,351000.0,53.0,"Action, Drama, Thriller",Action, Drama, Thriller,R,2007,2.067,"Mark Wahlberg, Michael Peña, Rhona Mitra, Danny Glover",Mark Wahlberg, Michael Peña, Rhona Mitra, Danny Glover,Antoine Fuqua,4.0,9.0,4700000.0,2300000.0,4.0
286,Prisoners,8.1,785000.0,70.0,"Crime, Drama, Mystery",Crime, Drama, Mystery,R,2013,2.55,"Hugh Jackman, Jake Gyllenhaal, Viola Davis, Melissa Leo",Hugh Jackman, Jake Gyllenhaal, Viola Davis, Melissa Leo,Denis Villeneuve,4.0,10.0,5100000.0,2000000.0,3.0
